USA,,,1991,4,1991;01;21,1991-01-21,,,,,,,,,,,,,1.192,,
USA,,,1991,5,1991;01;28,1991-01-28,,,,,,,,,,,,,1.168,,All
USA,,,1991,6,1991;02;04,1991-02-04,,,,,,,,,,,,,1.139,,All
USA,,,1991,7,1991;02;11,1991-02-11,,,,,,,,,,,,,1.106,,All
USA,,,1991,8,1991;02;18,1991-02-18,,,,,,,,,,,,,1.078,,All
USA,,,1991,9,1991;02;25,1991-02-25,,,,,,,,,,,,,1.054,,All
USA,,,1991,10,1991;03;04,1991-03-04,,,,,,,,,,,,,1.025,,All
USA,,,1991,11,1991;03;11,1991-03-11,,,,,,,,,,,,,1.045,,All
USA,,,1991,12,1991;03;18,1991-03-18,,,,,,,,,,,,,1.043,,All
USA,,,1991,13,1991;03;25,1991-03-25,,,,,,,,,,,,,1.047,,All
USA,,,1991,14,1991;04;01,1991-04-01,,,,,,,,,,,,,1.052,,All
USA,,,1991,15,1991;04;08,1991-04-08,,,,,,,,,,,,,1.066,,All
USA,,,1991,16,1991;04;15,1991-04-15,,,,,,,,,,,,,1.069,,All
USA,,,1991,17,1991;04;22,1991-04-22,,,,,,,,,,,,,1.09,,All
USA,,,1991,18,1991;04;29,1991-04-29,,,,,,,,,,,,,1.104,,All
USA,,,1991,19,1991;05;06,1991-05-06,,,,,,,,,,,,,1.113,,All
USA,,,1991,20,1991;05;13,1991-05-13,,,,,,,,,,,,,1.121,,All
USA,,,1991,21,1991;05;20,1991-05-20,,,,,,,,,,,,,1.129,,All
USA,,,1991,22,1991;05;27,1991-05-27,,,,,,,,,,,,,1.14,,All
USA,,,1991,23,1991;06;03,1991-06-03,,,,,,,,,,,,,1.138,,All
USA,,,1991,24,1991;06;10,1991-06-10,,,,,,,,,,,,,1.135,,All
USA,,,1991,25,1991;06;17,1991-06-17,,,,,,,,,,,,,1.126,,All
USA,,,1991,26,1991;06;24,1991-06-24,,,,,,,,,,,,,1.114,,All
USA,,,1991,27,1991;07;01,1991-07-01,,,,,,,,,,,,,1.104,,All
USA,,,1991,28,1991;07;08,1991-07-08,,,,,,,,,,,,,1.098,,All
USA,,,1991,29,1991;07;15,1991-07-15,,,,,,,,,,,,,1.094,,All
USA,,,1991,30,1991;07;22,1991-07-22,,,,,,,,,,,,,1.091,,All
USA,,,1991,31,1991;07;29,1991-07-29,,,,,,,,,,,,,1.091,,All
USA,,,1991,32,1991;08;05,1991-08-05,,,,,,,,,,,,,1.099,,All
USA,,,1991,33,1991;08;12,1991-08-12,,,,,,,,,,,,,1.112,,All
USA,,,1991,34,1991;08;19,1991-08-19,,,,,,,,,,,,,1.124,,All
USA,,,1991,35,1991;08;26,1991-08-26,,,,,,,,,,,,,1.124,,All
USA,,,1991,36,1991;09;02,1991-09-02,,,,,,,,,,,,,1.127,,All
USA,,,1991,37,1991;09;09,1991-09-09,,,,,,,,,,,,,1.12,,All
USA,,,1991,38,1991;09;16,1991-09-16,,,,,,,,,,,,,1.11,,All
USA,,,1991,39,1991;09;23,1991-09-23,,,,,,,,,,,,,1.097,,All
USA,,,1991,40,1991;09;30,1991-09-30,,,,,,,,,,,,,1.092,,All
USA,,,1991,41,1991;10;07,1991-10-07,,,,,,,,,,,,,1.089,,All
USA,,,1991,42,1991;10;14,1991-10-14,,,,,,,,,,,,,1.084,,All
USA,,,1991,43,1991;10;21,1991-10-21,,,,,,,,,,,,,1.088,,All
USA,,,1991,44,1991;10;28,1991-10-28,,,,,,,,,,,,,1.091,,All
USA,,,1991,45,1991;11;04,1991-11-04,,,,,,,,,,,,,1.091,,All
USA,,,1991,46,1991;11;11,1991-11-11,,,,,,,,,,,,,1.102,,All
USA,,,1991,47,1991;11;18,1991-11-18,,,,,,,,,,,,,1.104,,All
USA,,,1991,48,1991;11;25,1991-11-25,,,,,,,,,,,,,1.099,,All
USA,,,1991,49,1991;12;02,1991-12-02,,,,,,,,,,,,,1.099,,All
USA,,,1991,50,1991;12;09,1991-12-09,,,,,,,,,,,,,1.091,,All
USA,,,1991,51,1991;12;16,1991-12-16,,,,,,,,,,,,,1.075,,All
USA,,,1991,52,1991;12;23,1991-12-23,,,,,,,,,,,,,1.063,,All
USA,,,1991,1,1991;12;30,1991-12-30,,,,,,,,,,,,,1.053,,All
USA,,,1992,2,1992;01;06,1992-01-06,,,,,,,,,,,,,1.042,,All
USA,,,1992,3,1992;01;13,1992-01-13,,,,,,,,,,,,,1.026,,All
USA,,,1992,4,1992;01;20,1992-01-20,,,,,,,,,,,,,1.014,,All
USA,,,1992,5,1992;01;27,1992-01-27,,,,,,,,,,,,,1.006,,All
USA,,,1992,6,1992;02;03,1992-02-03,,,,,,,,,,,,,0.995,,All
USA,,,1992,7,1992;02;10,1992-02-10,,,,,,,,,,,,,1.004,,All
USA,,,1992,8,1992;02;17,1992-02-17,,,,,,,,,,,,,1.011,,All
USA,,,1992,9,1992;02;24,1992-02-24,,,,,,,,,,,,,1.014,,All
USA,,,1992,10,1992;03;02,1992-03-02,,,,,,,,,,,,,1.012,,All
USA,,,1992,11,1992;03;09,1992-03-09,,,,,,,,,,,,,1.013,,All
USA,,,1992,12,1992;03;16,1992-03-16,,,,,,,,,,,,,1.01,,All
USA,,,1992,13,1992;03;23,1992-03-23,,,,,,,,,,,,,1.015,,All
USA,,,1992,14,1992;03;30,1992-03-30,,,,,,,,,,,,,1.013,,All
USA,,,1992,15,1992;04;06,1992-04-06,,,,,,,,,,,,,1.026,,All
USA,,,1992,16,1992;04;13,1992-04-13,,,,,,,,,,,,,1.051,,All
USA,,,1992,17,1992;04;20,1992-04-20,,,,,,,,,,,,,1.058,,All
USA,,,1992,18,1992;04;27,1992-04-27,,,,,,,,,,,,,1.072,,All
USA,,,1992,19,1992;05;04,1992-05-04,,,,,,,,,,,,,1.089,,All
USA,,,1992,20,1992;05;11,1992-05-11,,,,,,,,,,,,,1.102,,All
USA,,,1992,21,1992;05;18,1992-05-18,,,,,,,,,,,,,1.118,,All
USA,,,1992,22,1992;05;25,1992-05-25,,,,,,,,,,,,,1.12,,All
USA,,,1992,23,1992;06;01,1992-06-01,,,,,,,,,,,,,1.128,,All
USA,,,1992,24,1992;06;08,1992-06-08,,,,,,,,,,,,,1.143,,All
USA,,,1992,25,1992;06;15,1992-06-15,,,,,,,,,,,,,1.151,,All
USA,,,1992,26,1992;06;22,1992-06-22,,,,,,,,,,,,,1.153,,All
USA,,,1992,27,1992;06;29,1992-06-29,,,,,,,,,,,,,1.149,,All
USA,,,1992,28,1992;07;06,1992-07-06,,,,,,,,,,,,,1.147,,All
USA,,,1992,29,1992;07;13,1992-07-13,,,,,,,,,,,,,1.139,,All
USA,,,1992,30,1992;07;20,1992-07-20,,,,,,,,,,,,,1.132,,All
USA,,,1992,31,1992;07;27,1992-07-27,,,,,,,,,,,,,1.128,,All
USA,,,1992,32,1992;08;03,1992-08-03,,,,,,,,,,,,,1.126,,All
USA,,,1992,33,1992;08;10,1992-08-10,,,,,,,,,,,,,1.123,,All
USA,,,1992,34,1992;08;17,1992-08-17,,,,,,,,,,,,,1.116,,All
USA,,,1992,35,1992;08;24,1992-08-24,,,,,,,,,,,,,1.123,,All
USA,,,1992,36,1992;08;31,1992-08-31,,,,,,,,,,,,,1.121,,All
USA,,,1992,37,1992;09;07,1992-09-07,,,,,,,,,,,,,1.121,,All
USA,,,1992,38,1992;09;14,1992-09-14,,,,,,,,,,,,,1.124,,All
USA,,,1992,39,1992;09;21,1992-09-21,,,,,,,,,,,,,1.123,,All
USA,,,1992,40,1992;09;28,1992-09-28,,,,,,,,,,,,,1.118,,All
USA,,,1992,41,1992;10;05,1992-10-05,,,,,,,,,,,,,1.115,,All
USA,,,1992,42,1992;10;12,1992-10-12,,,,,,,,,,,,,1.115,,All
USA,,,1992,43,1992;10;19,1992-10-19,,,,,,,,,,,,,1.113,,All
USA,,,1992,44,1992;10;26,1992-10-26,,,,,,,,,,,,,1.113,,All
USA,,,1992,45,1992;11;02,1992-11-02,,,,,,,,,,,,,1.12,,All
USA,,,1992,46,1992;11;09,1992-11-09,,,,,,,,,,,,,1.12,,All
USA,,,1992,47,1992;11;16,1992-11-16,,,,,,,,,,,,,1.112,,All
USA,,,1992,48,1992;11;23,1992-11-23,,,,,,,,,,,,,1.106,,All
USA,,,1992,49,1992;11;30,1992-11-30,,,,,,,,,,,,,1.098,,All
USA,,,1992,50,1992;12;07,1992-12-07,,,,,,,,,,,,,1.089,,All
USA,,,1992,51,1992;12;14,1992-12-14,,,,,,,,,,,,,1.078,,All
USA,,,1992,52,1992;12;21,1992-12-21,,,,,,,,,,,,,1.074,,All
USA,,,1992,1,1992;12;28,1992-12-28,,,,,,,,,,,,,1.069,,All
USA,,,1993,2,1993;01;04,1993-01-04,,,,,,,,,,,,,1.065,,All
USA,,,1993,3,1993;01;11,1993-01-11,,,,,,,,,,,,,1.066,,All
USA,,,1993,4,1993;01;18,1993-01-18,,,,,,,,,,,,,1.061,,All
USA,,,1993,5,1993;01;25,1993-01-25,,,,,,,,,,,,,1.055,,All
USA,,,1993,6,1993;02;01,1993-02-01,,,,,,,,,,,,,1.055,,All
USA,,,1993,7,1993;02;08,1993-02-08,,,,,,,,,,,,,1.062,,All
USA,,,1993,8,1993;02;15,1993-02-15,,,,,,,,,,,,,1.053,,All
USA,,,1993,9,1993;02;22,1993-02-22,,,,,,,,,,,,,1.047,,All
USA,,,1993,10,1993;03;01,1993-03-01,,,,,,,,,,,,,1.042,,All
USA,,,1993,11,1993;03;08,1993-03-08,,,,,,,,,,,,,1.048,,All
USA,,,1993,12,1993;03;15,1993-03-15,,,,,,,,,,,,,1.058,,All
USA,,,1993,13,1993;03;22,1993-03-22,,,,,,,,,,,,,1.056,,All
USA,,,1993,14,1993;03;29,1993-03-29,,,,,,,,,,,,,1.057,,All
USA,,,1993,15,1993;04;05,1993-04-05,,,,,,,,,,,,,1.068,,All
USA,,,1993,16,1993;04;12,1993-04-12,,,,,,,,,,,,,1.079,,All
USA,,,1993,17,1993;04;19,1993-04-19,,,,,,,,,,,,,1.079,,All
USA,,,1993,18,1993;04;26,1993-04-26,,,,,,,,,,,,,1.086,,All
USA,,,1993,19,1993;05;03,1993-05-03,,,,,,,,,,,,,1.086,,All
USA,,,1993,20,1993;05;10,1993-05-10,,,,,,,,,,,,,1.097,,All
USA,,,1993,21,1993;05;17,1993-05-17,,,,,,,,,,,,,1.106,,All
USA,,,1993,22,1993;05;24,1993-05-24,,,,,,,,,,,,,1.106,,All
USA,,,1993,23,1993;05;31,1993-05-31,,,,,,,,,,,,,1.107,,All
USA,,,1993,24,1993;06;07,1993-06-07,,,,,,,,,,,,,1.104,,All
USA,,,1993,25,1993;06;14,1993-06-14,,,,,,,,,,,,,1.101,,All
USA,,,1993,26,1993;06;21,1993-06-21,,,,,,,,,,,,,1.095,,All
USA,,,1993,27,1993;06;28,1993-06-28,,,,,,,,,,,,,1.089,,All
USA,,,1993,28,1993;07;05,1993-07-05,,,,,,,,,,,,,1.086,,All
USA,,,1993,29,1993;07;12,1993-07-12,,,,,,,,,,,,,1.081,,All
USA,,,1993,30,1993;07;19,1993-07-19,,,,,,,,,,,,,1.075,,All
USA,,,1993,31,1993;07;26,1993-07-26,,,,,,,,,,,,,1.069,,All
USA,,,1993,32,1993;08;02,1993-08-02,,,,,,,,,,,,,1.062,,All
USA,,,1993,33,1993;08;09,1993-08-09,,,,,,,,,,,,,1.06,,All
USA,,,1993,34,1993;08;16,1993-08-16,,,,,,,,,,,,,1.059,,All
USA,,,1993,35,1993;08;23,1993-08-23,,,,,,,,,,,,,1.065,,All
USA,,,1993,36,1993;08;30,1993-08-30,,,,,,,,,,,,,1.062,,All
USA,,,1993,37,1993;09;06,1993-09-06,,,,,,,,,,,,,1.055,,All
USA,,,1993,38,1993;09;13,1993-09-13,,,,,,,,,,,,,1.051,,All
USA,,,1993,39,1993;09;20,1993-09-20,,,,,,,,,,,,,1.045,,All
USA,,,1993,40,1993;09;27,1993-09-27,,,,,,,,,,,,,1.047,,All
USA,,,1993,41,1993;10;04,1993-10-04,,,,,,,,,,,,,1.092,,All
USA,,,1993,42,1993;10;11,1993-10-11,,,,,,,,,,,,,1.09,,All
USA,,,1993,43,1993;10;18,1993-10-18,,,,,,,,,,,,,1.093,,All
USA,,,1993,44,1993;10;25,1993-10-25,,,,,,,,,,,,,1.092,,All
USA,,,1993,45,1993;11;01,1993-11-01,,,,,,,,,,,,,1.084,,All
USA,,,1993,46,1993;11;08,1993-11-08,,,,,,,,,,,,,1.075,,All
USA,,,1993,47,1993;11;15,1993-11-15,,,,,,,,,,,,,1.064,,All
USA,,,1993,48,1993;11;22,1993-11-22,,,,,,,,,,,,,1.058,,All
USA,,,1993,49,1993;11;29,1993-11-29,,,,,,,,,,,,,1.051,,All
USA,,,1993,50,1993;12;06,1993-12-06,,,,,,,,,,,,,1.036,,All
USA,,,1993,51,1993;12;13,1993-12-13,,,,,,,,,,,,,1.018,,All
USA,,,1993,52,1993;12;20,1993-12-20,,,,,,,,,,,,,1.003,,All
USA,,,1993,1,1993;12;27,1993-12-27,,,,,,,,,,,,,0.999,,All
USA,,,1994,2,1994;01;03,1994-01-03,,,,,,,,,,,,,0.992,,All
USA,,,1994,3,1994;01;10,1994-01-10,,,,,,,,,,,,,0.995,,All
USA,,,1994,4,1994;01;17,1994-01-17,,,,,,,,,,,,,1.001,,All
USA,,,1994,5,1994;01;24,1994-01-24,,,,,,,,,,,,,0.999,,All
USA,,,1994,6,1994;01;31,1994-01-31,,,,,,,,,,,,,1.005,,All
USA,,,1994,7,1994;02;07,1994-02-07,,,,,,,,,,,,,1.007,,All
USA,,,1994,8,1994;02;14,1994-02-14,,,,,,,,,,,,,1.016,,All
USA,,,1994,9,1994;02;21,1994-02-21,,,,,,,,,,,,,1.009,,All
USA,,,1994,10,1994;02;28,1994-02-28,,,,,,,,,,,,,1.004,,All
USA,,,1994,11,1994;03;07,1994-03-07,,,,,,,,,,,,,1.007,,All
USA,,,1994,12,1994;03;14,1994-03-14,,,,,,,,,,,,,1.005,,All
USA,,,1994,13,1994;03;21,1994-03-21,,,,,,,,,,,,,1.007,,All
USA,,,1994,14,1994;03;28,1994-03-28,,,,,,,,,,,,,1.012,,All
USA,,,1994,15,1994;04;04,1994-04-04,,,,,,,,,,,,,1.011,,All
USA,,,1994,16,1994;04;11,1994-04-11,,,,,,,,,,,,,1.028,,All
USA,,,1994,17,1994;04;18,1994-04-18,,,,,,,,,,,,,1.033,,All
USA,,,1994,18,1994;04;25,1994-04-25,,,,,,,,,,,,,1.037,,All
USA,,,1994,19,1994;05;02,1994-05-02,,,,,,,,,,,,,1.04,,All
USA,,,1994,20,1994;05;09,1994-05-09,,,,,,,,,,,,,1.045,,All
USA,,,1994,21,1994;05;16,1994-05-16,,,,,,,,,,,,,1.046,,All
USA,,,1994,22,1994;05;23,1994-05-23,,,,,,,,,,,,,1.05,,All
USA,,,1994,23,1994;05;30,1994-05-30,,,,,,,,,,,,,1.056,,All
USA,,,1994,24,1994;06;06,1994-06-06,,,,,,,,,,,,,1.065,,All
USA,,,1994,25,1994;06;13,1994-06-13,,,,,,,,,,,,,1.073,,All
USA,,,1994,26,1994;06;20,1994-06-20,,,,,,,,,,,,,1.079,,All
USA,,,1994,27,1994;06;27,1994-06-27,,,,,,,,,,,,,1.095,,All
USA,,,1994,28,1994;07;04,1994-07-04,,,,,,,,,,,,,1.097,,All
USA,,,1994,29,1994;07;11,1994-07-11,,,,,,,,,,,,,1.103,,All
USA,,,1994,30,1994;07;18,1994-07-18,,,,,,,,,,,,,1.109,,All
USA,,,1994,31,1994;07;25,1994-07-25,,,,,,,,,,,,,1.114,,All
USA,,,1994,32,1994;08;01,1994-08-01,,,,,,,,,,,,,1.13,,All
USA,,,1994,33,1994;08;08,1994-08-08,,,,,,,,,,,,,1.157,,All
USA,,,1994,34,1994;08;15,1994-08-15,,,,,,,,,,,,,1.161,,All
USA,,,1994,35,1994;08;22,1994-08-22,,,,,,,,,,,,,1.165,,All
USA,,,1994,36,1994;08;29,1994-08-29,,,,,,,,,,,,,1.161,,All
USA,,,1994,37,1994;09;05,1994-09-05,,,,,,,,,,,,,1.156,,All
USA,,,1994,38,1994;09;12,1994-09-12,,,,,,,,,,,,,1.15,,All
USA,,,1994,39,1994;09;19,1994-09-19,,,,,,,,,,,,,1.14,,All
USA,,,1994,40,1994;09;26,1994-09-26,,,,,,,,,,,,,1.129,,All
USA,,,1994,41,1994;10;03,1994-10-03,,,,,,,,,,,,,1.12,,All
USA,,,1994,42,1994;10;10,1994-10-10,,,,,,,,,,,,,1.114,,All
USA,,,1994,43,1994;10;17,1994-10-17,,,,,,,,,,,,,1.106,,All
USA,,,1994,44,1994;10;24,1994-10-24,,,,,,,,,,,,,1.107,,All
USA,,,1994,45,1994;10;31,1994-10-31,,,,,,,,,,,,,1.121,,All
USA,,,1994,46,1994;11;07,1994-11-07,,,,,,,,,,,,,1.123,,All
USA,,,1994,47,1994;11;14,1994-11-14,,,,,,,,,,,,,1.122,,All
USA,,,1994,48,1994;11;21,1994-11-21,,,,,,,,,,,,,1.113,,All
USA,,,1994,49,1994;11;28,1994-11-28,,,,,,,,,,,,,1.082,,All
USA,,,1994,50,1994;12;05,1994-12-05,,,,,,,,,,,,,1.075,,All
USA,,,1994,51,1994;12;12,1994-12-12,,,,,,,,,,,,,1.064,,All
USA,,,1994,52,1994;12;19,1994-12-19,,,,,,,,,,,,,1.056,,All
USA,,,1994,1,1994;12;26,1994-12-26,,,,,,,,,,,,,1.044,,All
USA,,,1995,2,1995;01;02,1995-01-02,,,,,,,,,,,,,1.063,,All
USA,,,1995,3,1995;01;09,1995-01-09,,,,,,,,,,,,,1.07,,All
USA,,,1995,4,1995;01;16,1995-01-16,,,,,,,,,,,,,1.062,,All
USA,,,1995,5,1995;01;23,1995-01-23,,,,,,,,,,,,,1.068,,All
USA,,,1995,6,1995;01;30,1995-01-30,,,,,,,,,,,,,1.068,,All
USA,,,1995,7,1995;02;06,1995-02-06,,,,,,,,,,,,,1.062,,All
USA,,,1995,8,1995;02;13,1995-02-13,,,,,,,,,,,,,1.058,,All
USA,,,1995,9,1995;02;20,1995-02-20,,,,,,,,,,,,,1.052,,All
USA,,,1995,10,1995;02;27,1995-02-27,,,,,,,,,,,,,1.06,,All
USA,,,1995,11,1995;03;06,1995-03-06,,,,,,,,,,,,,1.063,,All
USA,,,1995,12,1995;03;13,1995-03-13,,,,,,,,,,,,,1.056,,All
USA,,,1995,13,1995;03;20,1995-03-20,,,,,,,,,,,,,1.055,,All
USA,,,1995,14,1995;03;27,1995-03-27,,,,,,,,,,,,,1.063,,All
USA,,,1995,15,1995;04;03,1995-04-03,,,,,,,,,,,,,1.077,,All
USA,,,1995,16,1995;04;10,1995-04-10,,,,,,,,,,,,,1.094,,All
USA,,,1995,17,1995;04;17,1995-04-17,,,,,,,,,,,,,1.11,,All
USA,,,1995,18,1995;04;24,1995-04-24,,,,,,,,,,,,,1.133,,All
USA,,,1995,19,1995;05;01,1995-05-01,,,,,,,,,,,,,1.141,,All
USA,,,1995,20,1995;05;08,1995-05-08,,,,,,,,,,,,,1.164,,All
USA,,,1995,21,1995;05;15,1995-05-15,,,,,,,,,,,,,1.173,,All
USA,,,1995,22,1995;05;22,1995-05-22,,,,,,,,,,,,,1.191,,All
USA,,,1995,23,1995;05;29,1995-05-29,,,,,,,,,,,,,1.193,,All
USA,,,1995,24,1995;06;05,1995-06-05,,,,,,,,,,,,,1.194,,All
USA,,,1995,25,1995;06;12,1995-06-12,,,,,,,,,,,,,1.19,,All
USA,,,1995,26,1995;06;19,1995-06-19,,,,,,,,,,,,,1.183,,All
USA,,,1995,27,1995;06;26,1995-06-26,,,,,,,,,,,,,1.177,,All
USA,,,1995,28,1995;07;03,1995-07-03,,,,,,,,,,,,,1.169,,All
USA,,,1995,29,1995;07;10,1995-07-10,,,,,,,,,,,,,1.159,,All
USA,,,1995,30,1995;07;17,1995-07-17,,,,,,,,,,,,,1.148,,All
USA,,,1995,31,1995;07;24,1995-07-24,,,,,,,,,,,,,1.138,,All
USA,,,1995,32,1995;07;31,1995-07-31,,,,,,,,,,,,,1.126,,All
USA,,,1995,33,1995;08;07,1995-08-07,,,,,,,,,,,,,1.124,,All
USA,,,1995,34,1995;08;14,1995-08-14,,,,,,,,,,,,,1.121,,All
USA,,,1995,35,1995;08;21,1995-08-21,,,,,,,,,,,,,1.122,,All
USA,,,1995,36,1995;08;28,1995-08-28,,,,,,,,,,,,,1.113,,All
USA,,,1995,37,1995;09;04,1995-09-04,,,,,,,,,,,,,1.111,,All
USA,,,1995,38,1995;09;11,1995-09-11,,,,,,,,,,,,,1.107,,All
USA,,,1995,39,1995;09;18,1995-09-18,,,,,,,,,,,,,1.106,,All
USA,,,1995,40,1995;09;25,1995-09-25,,,,,,,,,,,,,1.106,,All
USA,,,1995,41,1995;10;02,1995-10-02,,,,,,,,,,,,,1.1,,All
USA,,,1995,42,1995;10;09,1995-10-09,,,,,,,,,,,,,1.092,,All
USA,,,1995,43,1995;10;16,1995-10-16,,,,,,,,,,,,,1.081,,All
USA,,,1995,44,1995;10;23,1995-10-23,,,,,,,,,,,,,1.073,,All
USA,,,1995,45,1995;10;30,1995-10-30,,,,,,,,,,,,,1.062,,All
USA,,,1995,46,1995;11;06,1995-11-06,,,,,,,,,,,,,1.06,,All
USA,,,1995,47,1995;11;13,1995-11-13,,,,,,,,,,,,,1.059,,All
USA,,,1995,48,1995;11;20,1995-11-20,,,,,,,,,,,,,1.056,,All
USA,,,1995,49,1995;11;27,1995-11-27,,,,,,,,,,,,,1.057,,All
USA,,,1995,50,1995;12;04,1995-12-04,,,,,,,,,,,,,1.058,,All
USA,,,1995,51,1995;12;11,1995-12-11,,,,,,,,,,,,,1.057,,All
USA,,,1995,52,1995;12;18,1995-12-18,,,,,,,,,,,,,1.072,,All
USA,,,1995,53,1995;12;25,1995-12-25,,,,,,,,,,,,,1.075,,All
USA,,,1996,1,1996;01;01,1996-01-01,,,,,,,,,,,,,1.077,,All
USA,,,1996,2,1996;01;08,1996-01-08,,,,,,,,,,,,,1.086,,All
USA,,,1996,3,1996;01;15,1996-01-15,,,,,,,,,,,,,1.092,,All
USA,,,1996,4,1996;01;22,1996-01-22,,,,,,,,,,,,,1.084,,All
USA,,,1996,5,1996;01;29,1996-01-29,,,,,,,,,,,,,1.079,,All
USA,,,1996,6,1996;02;05,1996-02-05,,,,,,,,,,,,,1.076,,All
USA,,,1996,7,1996;02;12,1996-02-12,,,,,,,,,,,,,1.073,,All
USA,,,1996,8,1996;02;19,1996-02-19,,,,,,,,,,,,,1.078,,All
USA,,,1996,9,1996;02;26,1996-02-26,,,,,,,,,,,,,1.099,,All
USA,,,1996,10,1996;03;04,1996-03-04,,,,,,,,,,,,,1.115,,All
USA,,,1996,11,1996;03;11,1996-03-11,,,,,,,,,,,,,1.116,,All
USA,,,1996,12,1996;03;18,1996-03-18,,,,,,,,,,,,,1.128,,All
USA,,,1996,13,1996;03;25,1996-03-25,,,,,,,,,,,,,1.158,,All
USA,,,1996,14,1996;04;01,1996-04-01,,,,,,,,,,,,,1.172,,All
USA,,,1996,15,1996;04;08,1996-04-08,,,,,,,,,,,,,1.195,,All
USA,,,1996,16,1996;04;15,1996-04-15,,,,,,,,,,,,,1.234,,All
USA,,,1996,17,1996;04;22,1996-04-22,,,,,,,,,,,,,1.243,,All
USA,,,1996,18,1996;04;29,1996-04-29,,,,,,,,,,,,,1.257,,All
USA,,,1996,19,1996;05;06,1996-05-06,,,,,,,,,,,,,1.259,,All
USA,,,1996,20,1996;05;13,1996-05-13,,,,,,,,,,,,,1.262,,All
USA,,,1996,21,1996;05;20,1996-05-20,,,,,,,,,,,,,1.269,,All
USA,,,1996,22,1996;05;27,1996-05-27,,,,,,,,,,,,,1.26,,All
USA,,,1996,23,1996;06;03,1996-06-03,,,,,,,,,,,,,1.252,,All
USA,,,1996,24,1996;06;10,1996-06-10,,,,,,,,,,,,,1.247,,All
USA,,,1996,25,1996;06;17,1996-06-17,,,,,,,,,,,,,1.241,,All
USA,,,1996,26,1996;06;24,1996-06-24,,,,,,,,,,,,,1.23,,All
USA,,,1996,27,1996;07;01,1996-07-01,,,,,,,,,,,,,1.219,,All
USA,,,1996,28,1996;07;08,1996-07-08,,,,,,,,,,,,,1.217,,All
USA,,,1996,29,1996;07;15,1996-07-15,,,,,,,,,,,,,1.215,,All
USA,,,1996,30,1996;07;22,1996-07-22,,,,,,,,,,,,,1.215,,All
USA,,,1996,31,1996;07;29,1996-07-29,,,,,,,,,,,,,1.209,,All
USA,,,1996,32,1996;08;05,1996-08-05,,,,,,,,,,,,,1.199,,All
USA,,,1996,33,1996;08;12,1996-08-12,,,,,,,,,,,,,1.196,,All
USA,,,1996,34,1996;08;19,1996-08-19,,,,,,,,,,,,,1.199,,All
USA,,,1996,35,1996;08;26,1996-08-26,,,,,,,,,,,,,1.201,,All
USA,,,1996,36,1996;09;02,1996-09-02,,,,,,,,,,,,,1.193,,All
USA,,,1996,37,1996;09;09,1996-09-09,,,,,,,,,,,,,1.201,,All
USA,,,1996,38,1996;09;16,1996-09-16,,,,,,,,,,,,,1.203,,All
USA,,,1996,39,1996;09;23,1996-09-23,,,,,,,,,,,,,1.203,,All
USA,,,1996,40,1996;09;30,1996-09-30,,,,,,,,,,,,,1.199,,All
USA,,,1996,41,1996;10;07,1996-10-07,,,,,,,,,,,,,1.191,,All
USA,,,1996,42,1996;10;14,1996-10-14,,,,,,,,,,,,,1.203,,All
USA,,,1996,43,1996;10;21,1996-10-21,,,,,,,,,,,,,1.205,,All
USA,,,1996,44,1996;10;28,1996-10-28,,,,,,,,,,,,,1.217,,All
USA,,,1996,45,1996;11;04,1996-11-04,,,,,,,,,,,,,1.225,,All
USA,,,1996,46,1996;11;11,1996-11-11,,,,,,,,,,,,,1.229,,All
USA,,,1996,47,1996;11;18,1996-11-18,,,,,,,,,,,,,1.238,,All
USA,,,1996,48,1996;11;25,1996-11-25,,,,,,,,,,,,,1.246,,All
USA,,,1996,49,1996;12;02,1996-12-02,,,,,,,,,,,,,1.242,,All
USA,,,1996,50,1996;12;09,1996-12-09,,,,,,,,,,,,,1.241,,All
USA,,,1996,51,1996;12;16,1996-12-16,,,,,,,,,,,,,1.233,,All
USA,,,1996,52,1996;12;23,1996-12-23,,,,,,,,,,,,,1.227,,All
USA,,,1996,1,1996;12;30,1996-12-30,,,,,,,,,,,,,1.224,,All
USA,,,1997,2,1997;01;06,1997-01-06,,,,,,,,,,,,,1.22,,All
USA,,,1997,3,1997;01;13,1997-01-13,,,,,,,,,,,,,1.235,,All
USA,,,1997,4,1997;01;20,1997-01-20,,,,,,,,,,,,,1.236,,All
USA,,,1997,5,1997;01;27,1997-01-27,,,,,,,,,,,,,1.232,,All
USA,,,1997,6,1997;02;03,1997-02-03,,,,,,,,,,,,,1.23,,All
USA,,,1997,7,1997;02;10,1997-02-10,,,,,,,,,,,,,1.227,,All
USA,,,1997,8,1997;02;17,1997-02-17,,,,,,,,,,,,,1.22,,All
USA,,,1997,9,1997;02;24,1997-02-24,,,,,,,,,,,,,1.217,,All
USA,,,1997,10,1997;03;03,1997-03-03,,,,,,,,,,,,,1.208,,All
USA,,,1997,11,1997;03;10,1997-03-10,,,,,,,,,,,,,1.199,,All
USA,,,1997,12,1997;03;17,1997-03-17,,,,,,,,,,,,,1.191,,All
USA,,,1997,13,1997;03;24,1997-03-24,,,,,,,,,,,,,1.196,,All
USA,,,1997,14,1997;03;31,1997-03-31,,,,,,,,,,,,,1.191,,All
USA,,,1997,15,1997;04;07,1997-04-07,,,,,,,,,,,,,1.192,,All
USA,,,1997,16,1997;04;14,1997-04-14,,,,,,,,,,,,,1.187,,All
USA,,,1997,17,1997;04;21,1997-04-21,,,,,,,,,,,,,1.188,,All
USA,,,1997,18,1997;04;28,1997-04-28,,,,,,,,,,,,,1.185,,All
USA,,,1997,19,1997;05;05,1997-05-05,,,,,,,,,,,,,1.182,,All
USA,,,1997,20,1997;05;12,1997-05-12,,,,,,,,,,,,,1.182,,All
USA,,,1997,21,1997;05;19,1997-05-19,,,,,,,,,,,,,1.195,,All
USA,,,1997,22,1997;05;26,1997-05-26,,,,,,,,,,,,,1.204,,All
USA,,,1997,23,1997;06;02,1997-06-02,,,,,,,,,,,,,1.206,,All
USA,,,1997,24,1997;06;09,1997-06-09,,,,,,,,,,,,,1.198,,All
USA,,,1997,25,1997;06;16,1997-06-16,,,,,,,,,,,,,1.189,,All
USA,,,1997,26,1997;06;23,1997-06-23,,,,,,,,,,,,,1.179,,All
USA,,,1997,27,1997;06;30,1997-06-30,,,,,,,,,,,,,1.171,,All
USA,,,1997,28,1997;07;07,1997-07-07,,,,,,,,,,,,,1.169,,All
USA,,,1997,29,1997;07;14,1997-07-14,,,,,,,,,,,,,1.165,,All
USA,,,1997,30,1997;07;21,1997-07-21,,,,,,,,,,,,,1.17,,All
USA,,,1997,31,1997;07;28,1997-07-28,,,,,,,,,,,,,1.164,,All
USA,,,1997,32,1997;08;04,1997-08-04,,,,,,,,,,,,,1.185,,All
USA,,,1997,33,1997;08;11,1997-08-11,,,,,,,,,,,,,1.219,,All
USA,,,1997,34,1997;08;18,1997-08-18,,,,,,,,,,,,,1.218,,All
USA,,,1997,35,1997;08;25,1997-08-25,,,,,,,,,,,,,1.23,,All
USA,,,1997,36,1997;09;01,1997-09-01,,,,,,,,,,,,,1.229,,All
USA,,,1997,37,1997;09;08,1997-09-08,,,,,,,,,,,,,1.227,,All
USA,,,1997,38,1997;09;15,1997-09-15,,,,,,,,,,,,,1.219,,All
USA,,,1997,39,1997;09;22,1997-09-22,,,,,,,,,,,,,1.208,,All
USA,,,1997,40,1997;09;29,1997-09-29,,,,,,,,,,,,,1.195,,All
USA,,,1997,41,1997;10;06,1997-10-06,,,,,,,,,,,,,1.195,,All
USA,,,1997,42,1997;10;13,1997-10-13,,,,,,,,,,,,,1.187,,All
USA,,,1997,43,1997;10;20,1997-10-20,,,,,,,,,,,,,1.178,,All
USA,,,1997,44,1997;10;27,1997-10-27,,,,,,,,,,,,,1.168,,All
USA,,,1997,45,1997;11;03,1997-11-03,,,,,,,,,,,,,1.163,,All
USA,,,1997,46,1997;11;10,1997-11-10,,,,,,,,,,,,,1.164,,All
USA,,,1997,47,1997;11;17,1997-11-17,,,,,,,,,,,,,1.156,,All
USA,,,1997,48,1997;11;24,1997-11-24,,,,,,,,,,,,,1.15,,All
USA,,,1997,49,1997;12;01,1997-12-01,,,,,,,,,,,,,1.14,,All
USA,,,1997,50,1997;12;08,1997-12-08,,,,,,,,,,,,,1.128,,All
USA,,,1997,51,1997;12;15,1997-12-15,,,,,,,,,,,,,1.118,,All
USA,,,1997,52,1997;12;22,1997-12-22,,,,,,,,,,,,,1.108,,All
USA,,,1997,1,1997;12;29,1997-12-29,,,,,,,,,,,,,1.099,,All
USA,,,1998,2,1998;01;05,1998-01-05,,,,,,,,,,,,,1.089,,All
USA,,,1998,3,1998;01;12,1998-01-12,,,,,,,,,,,,,1.083,,All
USA,,,1998,4,1998;01;19,1998-01-19,,,,,,,,,,,,,1.072,,All
USA,,,1998,5,1998;01;26,1998-01-26,,,,,,,,,,,,,1.055,,All
USA,,,1998,6,1998;02;02,1998-02-02,,,,,,,,,,,,,1.051,,All
USA,,,1998,7,1998;02;09,1998-02-09,,,,,,,,,,,,,1.045,,All
USA,,,1998,8,1998;02;16,1998-02-16,,,,,,,,,,,,,1.032,,All
USA,,,1998,9,1998;02;23,1998-02-23,,,,,,,,,,,,,1.038,,All
USA,,,1998,10,1998;03;02,1998-03-02,,,,,,,,,,,,,1.025,,All
USA,,,1998,11,1998;03;09,1998-03-09,,,,,,,,,,,,,1.017,,All
USA,,,1998,12,1998;03;16,1998-03-16,,,,,,,,,,,,,1.006,,All
USA,,,1998,13,1998;03;23,1998-03-23,,,,,,,,,,,,,0.998,,All
USA,,,1998,14,1998;03;30,1998-03-30,,,,,,,,,,,,,1.026,,All
USA,,,1998,15,1998;04;06,1998-04-06,,,,,,,,,,,,,1.023,,All
USA,,,1998,16,1998;04;13,1998-04-13,,,,,,,,,,,,,1.018,,All
USA,,,1998,17,1998;04;20,1998-04-20,,,,,,,,,,,,,1.021,,All
USA,,,1998,18,1998;04;27,1998-04-27,,,,,,,,,,,,,1.032,,All
USA,,,1998,19,1998;05;04,1998-05-04,,,,,,,,,,,,,1.038,,All
USA,,,1998,20,1998;05;11,1998-05-11,,,,,,,,,,,,,1.052,,All
USA,,,1998,21,1998;05;18,1998-05-18,,,,,,,,,,,,,1.055,,All
USA,,,1998,22,1998;05;25,1998-05-25,,,,,,,,,,,,,1.052,,All
USA,,,1998,23,1998;06;01,1998-06-01,,,,,,,,,,,,,1.047,,All
USA,,,1998,24,1998;06;08,1998-06-08,,,,,,,,,,,,,1.06,,All
USA,,,1998,25,1998;06;15,1998-06-15,,,,,,,,,,,,,1.049,,All
USA,,,1998,26,1998;06;22,1998-06-22,,,,,,,,,,,,,1.041,,All
USA,,,1998,27,1998;06;29,1998-06-29,,,,,,,,,,,,,1.042,,All
USA,,,1998,28,1998;07;06,1998-07-06,,,,,,,,,,,,,1.041,,All
USA,,,1998,29,1998;07;13,1998-07-13,,,,,,,,,,,,,1.037,,All
USA,,,1998,30,1998;07;20,1998-07-20,,,,,,,,,,,,,1.044,,All
USA,,,1998,31,1998;07;27,1998-07-27,,,,,,,,,,,,,1.035,,All
USA,,,1998,32,1998;08;03,1998-08-03,,,,,,,,,,,,,1.023,,All
USA,,,1998,33,1998;08;10,1998-08-10,,,,,,,,,,,,,1.018,,All
USA,,,1998,34,1998;08;17,1998-08-17,,,,,,,,,,,,,1.011,,All
USA,,,1998,35,1998;08;24,1998-08-24,,,,,,,,,,,,,1.004,,All
USA,,,1998,36,1998;08;31,1998-08-31,,,,,,,,,,,,,0.998,,All
USA,,,1998,37,1998;09;07,1998-09-07,,,,,,,,,,,,,0.991,,All
USA,,,1998,38,1998;09;14,1998-09-14,,,,,,,,,,,,,0.987,,All
USA,,,1998,39,1998;09;21,1998-09-21,,,,,,,,,,,,,0.999,,All
USA,,,1998,40,1998;09;28,1998-09-28,,,,,,,,,,,,,0.999,,All
USA,,,1998,41,1998;10;05,1998-10-05,,,,,,,,,,,,,1.006,,All
USA,,,1998,42,1998;10;12,1998-10-12,,,,,,,,,,,,,1.01,,All
USA,,,1998,43,1998;10;19,1998-10-19,,,,,,,,,,,,,1.007,,All
USA,,,1998,44,1998;10;26,1998-10-26,,,,,,,,,,,,,1.001,,All
USA,,,1998,45,1998;11;02,1998-11-02,,,,,,,,,,,,,0.997,,All
USA,,,1998,46,1998;11;09,1998-11-09,,,,,,,,,,,,,0.994,,All
USA,,,1998,47,1998;11;16,1998-11-16,,,,,,,,,,,,,0.981,,All
USA,,,1998,48,1998;11;23,1998-11-23,,,,,,,,,,,,,0.971,,All
USA,,,1998,49,1998;11;30,1998-11-30,,,,,,,,,,,,,0.954,,All
USA,,,1998,50,1998;12;07,1998-12-07,,,,,,,,,,,,,0.933,,All
USA,,,1998,51,1998;12;14,1998-12-14,,,,,,,,,,,,,0.923,,All
USA,,,1998,52,1998;12;21,1998-12-21,,,,,,,,,,,,,0.921,,All
USA,,,1998,1,1998;12;28,1998-12-28,,,,,,,,,,,,,0.914,,All
USA,,,1999,2,1999;01;04,1999-01-04,,,,,,,,,,,,,0.913,,All
USA,,,1999,3,1999;01;11,1999-01-11,,,,,,,,,,,,,0.92,,All
USA,,,1999,4,1999;01;18,1999-01-18,,,,,,,,,,,,,0.921,,All
USA,,,1999,5,1999;01;25,1999-01-25,,,,,,,,,,,,,0.913,,All
USA,,,1999,6,1999;02;01,1999-02-01,,,,,,,,,,,,,0.908,,All
USA,,,1999,7,1999;02;08,1999-02-08,,,,,,,,,,,,,0.907,,All
USA,,,1999,8,1999;02;15,1999-02-15,,,,,,,,,,,,,0.899,,All
USA,,,1999,9,1999;02;22,1999-02-22,,,,,,,,,,,,,0.885,,All
USA,,,1999,10,1999;03;01,1999-03-01,,,,,,,,,,,,,0.891,,All
USA,,,1999,11,1999;03;08,1999-03-08,,,,,,,,,,,,,0.9,,All
USA,,,1999,12,1999;03;15,1999-03-15,,,,,,,,,,,,,0.958,,All
USA,,,1999,13,1999;03;22,1999-03-22,,,,,,,,,,,,,0.999,,All
USA,,,1999,14,1999;03;29,1999-03-29,,,,,,,,,,,,,1.055,,All
USA,,,1999,15,1999;04;05,1999-04-05,,,,,,,,,,,,,1.087,,All
USA,,,1999,16,1999;04;12,1999-04-12,,,,,,,,,,,,,1.107,,All
USA,,,1999,17,1999;04;19,1999-04-19,,,,,,,,,,,,,1.103,,All
USA,,,1999,18,1999;04;26,1999-04-26,,,,,,,,,,,,,1.099,,All
USA,,,1999,19,1999;05;03,1999-05-03,,,,,,,,,,,,,1.107,,All
USA,,,1999,20,1999;05;10,1999-05-10,,,,,,,,,,,,,1.109,,All
USA,,,1999,21,1999;05;17,1999-05-17,,,,,,,,,,,,,1.112,,All
USA,,,1999,22,1999;05;24,1999-05-24,,,,,,,,,,,,,1.101,,All
USA,,,1999,23,1999;05;31,1999-05-31,,,,,,,,,,,,,1.088,,All
USA,,,1999,24,1999;06;07,1999-06-07,,,,,,,,,,,,,1.092,,All
USA,,,1999,25,1999;06;14,1999-06-14,,,,,,,,,,,,,1.088,,All
USA,,,1999,26,1999;06;21,1999-06-21,,,,,,,,,,,,,1.105,,All
USA,,,1999,27,1999;06;28,1999-06-28,,,,,,,,,,,,,1.095,,All
USA,,,1999,28,1999;07;05,1999-07-05,,,,,,,,,,,,,1.11,,All
USA,,,1999,29,1999;07;12,1999-07-12,,,,,,,,,,,,,1.123,,All
USA,,,1999,30,1999;07;19,1999-07-19,,,,,,,,,,,,,1.148,,All
USA,,,1999,31,1999;07;26,1999-07-26,,,,,,,,,,,,,1.172,,All
USA,,,1999,32,1999;08;02,1999-08-02,,,,,,,,,,,,,1.172,,All
USA,,,1999,33,1999;08;09,1999-08-09,,,,,,,,,,,,,1.183,,All
USA,,,1999,34,1999;08;16,1999-08-16,,,,,,,,,,,,,1.214,,All
USA,,,1999,35,1999;08;23,1999-08-23,,,,,,,,,,,,,1.212,,All
USA,,,1999,36,1999;08;30,1999-08-30,,,,,,,,,,,,,1.214,,All
USA,,,1999,37,1999;09;06,1999-09-06,,,,,,,,,,,,,1.223,,All
USA,,,1999,38,1999;09;13,1999-09-13,,,,,,,,,,,,,1.234,,All
USA,,,1999,39,1999;09;20,1999-09-20,,,,,,,,,,,,,1.252,,All
USA,,,1999,40,1999;09;27,1999-09-27,,,,,,,,,,,,,1.248,,All
USA,,,1999,41,1999;10;04,1999-10-04,,,,,,,,,,,,,1.242,,All
USA,,,1999,42,1999;10;11,1999-10-11,,,,,,,,,,,,,1.234,,All
USA,,,1999,43,1999;10;18,1999-10-18,,,,,,,,,,,,,1.22,,All
USA,,,1999,44,1999;10;25,1999-10-25,,,,,,,,,,,,,1.225,,All
USA,,,1999,45,1999;11;01,1999-11-01,,,,,,,,,,,,,1.218,,All
USA,,,1999,46,1999;11;08,1999-11-08,,,,,,,,,,,,,1.222,,All
USA,,,1999,47,1999;11;15,1999-11-15,,,,,,,,,,,,,1.24,,All
USA,,,1999,48,1999;11;22,1999-11-22,,,,,,,,,,,,,1.258,,All
USA,,,1999,49,1999;11;29,1999-11-29,,,,,,,,,,,,,1.262,,All
USA,,,1999,50,1999;12;06,1999-12-06,,,,,,,,,,,,,1.26,,All
USA,,,1999,51,1999;12;13,1999-12-13,,,,,,,,,,,,,1.263,,All
USA,,,1999,52,1999;12;20,1999-12-20,,,,,,,,,,,,,1.257,,All
USA,,,1999,1,1999;12;27,1999-12-27,,,,,,,,,,,,,1.263,,All
USA,,,2000,2,2000;01;03,2000-01-03,,,,,,,,,,,,,1.26,,All
USA,,,2000,3,2000;01;10,2000-01-10,,,,,,,,,,,,,1.252,,All
USA,,,2000,4,2000;01;17,2000-01-17,,,,,,,,,,,,,1.268,,All
USA,,,2000,5,2000;01;24,2000-01-24,,,,,,,,,,,,,1.307,,All
USA,,,2000,6,2000;01;31,2000-01-31,,,,,,,,,,,,,1.307,,All
USA,,,2000,7,2000;02;07,2000-02-07,,,,,,,,,,,,,1.319,,All
USA,,,2000,8,2000;02;14,2000-02-14,,,,,,,,,,,,,1.35,,All
USA,,,2000,9,2000;02;21,2000-02-21,,,,,,,,,,,,,1.4,,All
USA,,,2000,10,2000;02;28,2000-02-28,,,,,,,,,,,,,1.413,,All
USA,,,2000,11,2000;03;06,2000-03-06,,,,,,,,,,,,,1.49,,All
USA,,,2000,12,2000;03;13,2000-03-13,,,,,,,,,,,,,1.511,,All
USA,,,2000,13,2000;03;20,2000-03-20,,,,,,,,,,,,,1.508,,All
USA,,,2000,14,2000;03;27,2000-03-27,,,,,,,,,,,,,1.484,,All
USA,,,2000,15,2000;04;03,2000-04-03,,,,,,,,,,,,,1.478,,All
USA,,,2000,16,2000;04;10,2000-04-10,,,,,,,,,,,,,1.447,,All
USA,,,2000,17,2000;04;17,2000-04-17,,,,,,,,,,,,,1.415,,All
USA,,,2000,18,2000;04;24,2000-04-24,,,,,,,,,,,,,1.406,,All
USA,,,2000,19,2000;05;01,2000-05-01,,,,,,,,,,,,,1.386,,All
USA,,,2000,20,2000;05;08,2000-05-08,,,,,,,,,,,,,1.427,,All
USA,,,2000,21,2000;05;15,2000-05-15,,,,,,,,,,,,,1.466,,All
USA,,,2000,22,2000;05;22,2000-05-22,,,,,,,,,,,,,1.494,,All
USA,,,2000,23,2000;05;29,2000-05-29,,,,,,,,,,,,,1.509,,All
USA,,,2000,24,2000;06;05,2000-06-05,,,,,,,,,,,,,1.535,,All
USA,,,2000,25,2000;06;12,2000-06-12,,,,,,,,,,,,,1.607,,All
USA,,,2000,26,2000;06;19,2000-06-19,,,,,,,,,,,,,1.664,,All
USA,,,2000,27,2000;06;26,2000-06-26,,,,,,,,,,,,,1.641,,All
USA,,,2000,28,2000;07;03,2000-07-03,,,,,,,,,,,,,1.606,,All
USA,,,2000,29,2000;07;10,2000-07-10,,,,,,,,,,,,,1.571,,All
USA,,,2000,30,2000;07;17,2000-07-17,,,,,,,,,,,,,1.521,,All
USA,,,2000,31,2000;07;24,2000-07-24,,,,,,,,,,,,,1.499,,All
USA,,,2000,32,2000;07;31,2000-07-31,,,,,,,,,,,,,1.447,,All
USA,,,2000,33,2000;08;07,2000-08-07,,,,,,,,,,,,,1.437,,All
USA,,,2000,34,2000;08;14,2000-08-14,,,,,,,,,,,,,1.42,,All
USA,,,2000,35,2000;08;21,2000-08-21,,,,,,,,,,,,,1.444,,All
USA,,,2000,36,2000;08;28,2000-08-28,,,,,,,,,,,,,1.456,,All
USA,,,2000,37,2000;09;04,2000-09-04,,,,,,,,,,,,,1.502,,All
USA,,,2000,38,2000;09;11,2000-09-11,,,,,,,,,,,,,1.535,,All
USA,,,2000,39,2000;09;18,2000-09-18,,,,,,,,,,,,,1.539,,All
USA,,,2000,40,2000;09;25,2000-09-25,,,,,,,,,,,,,1.525,,All
USA,,,2000,41,2000;10;02,2000-10-02,,,,,,,,,,,,,1.498,,All
USA,,,2000,42,2000;10;09,2000-10-09,,,,,,,,,,,,,1.473,,All
USA,,,2000,43,2000;10;16,2000-10-16,,,,,,,,,,,,,1.516,,All
USA,,,2000,44,2000;10;23,2000-10-23,,,,,,,,,,,,,1.532,,All
USA,,,2000,45,2000;10;30,2000-10-30,,,,,,,,,,,,,1.523,,All
USA,,,2000,46,2000;11;06,2000-11-06,,,,,,,,,,,,,1.502,,All
USA,,,2000,47,2000;11;13,2000-11-13,,,,,,,,,,,,,1.501,,All
USA,,,2000,48,2000;11;20,2000-11-20,,,,,,,,,,,,,1.487,,All
USA,,,2000,49,2000;11;27,2000-11-27,,,,,,,,,,,,,1.489,,All
USA,,,2000,50,2000;12;04,2000-12-04,,,,,,,,,,,,,1.464,,All
USA,,,2000,51,2000;12;11,2000-12-11,,,,,,,,,,,,,1.425,,All
USA,,,2000,52,2000;12;18,2000-12-18,,,,,,,,,,,,,1.396,,All
USA,,,2000,53,2000;12;25,2000-12-25,,,,,,,,,,,,,1.388,,All
USA,,,2001,1,2001;01;01,2001-01-01,,,,,,,,,,,,,1.377,,All
USA,,,2001,2,2001;01;08,2001-01-08,,,,,,,,,,,,,1.4,,All
USA,,,2001,3,2001;01;15,2001-01-15,,,,,,,,,,,,,1.458,,All
USA,,,2001,4,2001;01;22,2001-01-22,,,,,,,,,,,,,1.456,,All
USA,,,2001,5,2001;01;29,2001-01-29,,,,,,,,,,,,,1.446,,All
USA,,,2001,6,2001;02;05,2001-02-05,,,,,,,,,,,,,1.426,,All
USA,,,2001,7,2001;02;12,2001-02-12,,,,,,,,,,,,,1.46,,All
USA,,,2001,8,2001;02;19,2001-02-19,,,,,,,,,,,,,1.429,,All
USA,,,2001,9,2001;02;26,2001-02-26,,,,,,,,,,,,,1.41,,All
USA,,,2001,10,2001;03;05,2001-03-05,,,,,,,,,,,,,1.393,,All
USA,,,2001,11,2001;03;12,2001-03-12,,,,,,,,,,,,,1.387,,All
USA,,,2001,12,2001;03;19,2001-03-19,,,,,,,,,,,,,1.377,,All
USA,,,2001,13,2001;03;26,2001-03-26,,,,,,,,,,,,,1.379,,All
USA,,,2001,14,2001;04;02,2001-04-02,,,,,,,,,,,,,1.411,,All
USA,,,2001,15,2001;04;09,2001-04-09,,,,,,,,,,,,,1.469,,All
USA,,,2001,16,2001;04;16,2001-04-16,,,,,,,,,,,,,1.535,,All
USA,,,2001,17,2001;04;23,2001-04-23,,,,,,,,,,,,,1.586,,All
USA,,,2001,18,2001;04;30,2001-04-30,,,,,,,,,,,,,1.585,,All
USA,,,2001,19,2001;05;07,2001-05-07,,,,,,,,,,,,,1.659,,All
USA,,,2001,20,2001;05;14,2001-05-14,,,,,,,,,,,,,1.663,,All
USA,,,2001,21,2001;05;21,2001-05-21,,,,,,,,,,,,,1.637,,All
USA,,,2001,22,2001;05;28,2001-05-28,,,,,,,,,,,,,1.656,,All
USA,,,2001,23,2001;06;04,2001-06-04,,,,,,,,,,,,,1.63,,All
USA,,,2001,24,2001;06;11,2001-06-11,,,,,,,,,,,,,1.58,,All
USA,,,2001,25,2001;06;18,2001-06-18,,,,,,,,,,,,,1.526,,All
USA,,,2001,26,2001;06;25,2001-06-25,,,,,,,,,,,,,1.454,,All
USA,,,2001,27,2001;07;02,2001-07-02,,,,,,,,,,,,,1.384,,All
USA,,,2001,28,2001;07;09,2001-07-09,,,,,,,,,,,,,1.35,,All
USA,,,2001,29,2001;07;16,2001-07-16,,,,,,,,,,,,,1.33,,All
USA,,,2001,30,2001;07;23,2001-07-23,,,,,,,,,,,,,1.318,,All
USA,,,2001,31,2001;07;30,2001-07-30,,,,,,,,,,,,,1.319,,All
USA,,,2001,32,2001;08;06,2001-08-06,,,,,,,,,,,,,1.319,,All
USA,,,2001,33,2001;08;13,2001-08-13,,,,,,,,,,,,,1.347,,All
USA,,,2001,34,2001;08;20,2001-08-20,,,,,,,,,,,,,1.399,,All
USA,,,2001,35,2001;08;27,2001-08-27,,,,,,,,,,,,,1.48,,All
USA,,,2001,36,2001;09;03,2001-09-03,,,,,,,,,,,,,1.538,,All
USA,,,2001,37,2001;09;10,2001-09-10,,,,,,,,,,,,,1.511,,All
USA,,,2001,38,2001;09;17,2001-09-17,,,,,,,,,,,,,1.516,,All
USA,,,2001,39,2001;09;24,2001-09-24,,,,,,,,,,,,,1.46,,All
USA,,,2001,40,2001;10;01,2001-10-01,,,,,,,,,,,,,1.381,,All
USA,,,2001,41,2001;10;08,2001-10-08,,,,,,,,,,,,,1.31,,All
USA,,,2001,42,2001;10;15,2001-10-15,,,,,,,,,,,,,1.264,,All
USA,,,2001,43,2001;10;22,2001-10-22,,,,,,,,,,,,,1.221,,All
USA,,,2001,44,2001;10;29,2001-10-29,,,,,,,,,,,,,1.193,,All
USA,,,2001,45,2001;11;05,2001-11-05,,,,,,,,,,,,,1.17,,All
USA,,,2001,46,2001;11;12,2001-11-12,,,,,,,,,,,,,1.147,,All
USA,,,2001,47,2001;11;19,2001-11-19,,,,,,,,,,,,,1.14,,All
USA,,,2001,48,2001;11;26,2001-11-26,,,,,,,,,,,,,1.097,,All
USA,,,2001,49,2001;12;03,2001-12-03,,,,,,,,,,,,,1.084,,All
USA,,,2001,50,2001;12;10,2001-12-10,,,,,,,,,,,,,1.075,,All
USA,,,2001,51,2001;12;17,2001-12-17,,,,,,,,,,,,,1.042,,All
USA,,,2001,52,2001;12;24,2001-12-24,,,,,,,,,,,,,1.063,,All
USA,,,2001,1,2001;12;31,2001-12-31,,,,,,,,,,,,,1.096,,All
USA,,,2002,2,2002;01;07,2002-01-07,,,,,,,,,,,,,1.109,,All
USA,,,2002,3,2002;01;14,2002-01-14,,,,,,,,,,,,,1.099,,All
USA,,,2002,4,2002;01;21,2002-01-21,,,,,,,,,,,,,1.087,,All
USA,,,2002,5,2002;01;28,2002-01-28,,,,,,,,,,,,,1.081,,All
USA,,,2002,6,2002;02;04,2002-02-04,,,,,,,,,,,,,1.098,,All
USA,,,2002,7,2002;02;11,2002-02-11,,,,,,,,,,,,,1.085,,All
USA,,,2002,8,2002;02;18,2002-02-18,,,,,,,,,,,,,1.089,,All
USA,,,2002,9,2002;02;25,2002-02-25,,,,,,,,,,,,,1.087,,All
USA,,,2002,10,2002;03;04,2002-03-04,,,,,,,,,,,,,1.118,,All
USA,,,2002,11,2002;03;11,2002-03-11,,,,,,,,,,,,,1.194,,All
USA,,,2002,12,2002;03;18,2002-03-18,,,,,,,,,,,,,1.262,,All
USA,,,2002,13,2002;03;25,2002-03-25,,,,,,,,,,,,,1.308,,All
USA,,,2002,14,2002;04;01,2002-04-01,,,,,,,,,,,,,1.339,,All
USA,,,2002,15,2002;04;08,2002-04-08,,,,,,,,,,,,,1.382,,All
USA,,,2002,16,2002;04;15,2002-04-15,,,,,,,,,,,,,1.368,,All
USA,,,2002,17,2002;04;22,2002-04-22,,,,,,,,,,,,,1.367,,All
USA,,,2002,18,2002;04;29,2002-04-29,,,,,,,,,,,,,1.353,,All
USA,,,2002,19,2002;05;06,2002-05-06,,,,,,,,,,,,,1.356,,All
USA,,,2002,20,2002;05;13,2002-05-13,,,,,,,,,,,,,1.349,,All
USA,,,2002,21,2002;05;20,2002-05-20,,,,,,,,,,,,,1.36,,All
USA,,,2002,22,2002;05;27,2002-05-27,,,,,,,,,,,,,1.348,,All
USA,,,2002,23,2002;06;03,2002-06-03,,,,,,,,,,,,,1.353,,All
USA,,,2002,24,2002;06;10,2002-06-10,,,,,,,,,,,,,1.332,,All
USA,,,2002,25,2002;06;17,2002-06-17,,,,,,,,,,,,,1.335,,All
USA,,,2002,26,2002;06;24,2002-06-24,,,,,,,,,,,,,1.342,,All
USA,,,2002,27,2002;07;01,2002-07-01,,,,,,,,,,,,,1.357,,All
USA,,,2002,28,2002;07;08,2002-07-08,,,,,,,,,,,,,1.345,,All
USA,,,2002,29,2002;07;15,2002-07-15,,,,,,,,,,,,,1.361,,All
USA,,,2002,30,2002;07;22,2002-07-22,,,,,,,,,,,,,1.381,,All
USA,,,2002,31,2002;07;29,2002-07-29,,,,,,,,,,,,,1.376,,All
USA,,,2002,32,2002;08;05,2002-08-05,,,,,,,,,,,,,1.355,,All
USA,,,2002,33,2002;08;12,2002-08-12,,,,,,,,,,,,,1.355,,All
USA,,,2002,34,2002;08;19,2002-08-19,,,,,,,,,,,,,1.357,,All
USA,,,2002,35,2002;08;26,2002-08-26,,,,,,,,,,,,,1.365,,All
USA,,,2002,36,2002;09;02,2002-09-02,,,,,,,,,,,,,1.353,,All
USA,,,2002,37,2002;09;09,2002-09-09,,,,,,,,,,,,,1.355,,All
USA,,,2002,38,2002;09;16,2002-09-16,,,,,,,,,,,,,1.367,,All
USA,,,2002,39,2002;09;23,2002-09-23,,,,,,,,,,,,,1.357,,All
USA,,,2002,40,2002;09;30,2002-09-30,,,,,,,,,,,,,1.385,,All
USA,,,2002,41,2002;10;07,2002-10-07,,,,,,,,,,,,,1.416,,All
USA,,,2002,42,2002;10;14,2002-10-14,,,,,,,,,,,,,1.422,,All
USA,,,2002,43,2002;10;21,2002-10-21,,,,,,,,,,,,,1.443,,All
USA,,,2002,44,2002;10;28,2002-10-28,,,,,,,,,,,,,1.427,,All
USA,,,2002,45,2002;11;04,2002-11-04,,,,,,,,,,,,,1.427,,All
USA,,,2002,46,2002;11;11,2002-11-11,,,,,,,,,,,,,1.406,,All
USA,,,2002,47,2002;11;18,2002-11-18,,,,,,,,,,,,,1.37,,All
USA,,,2002,48,2002;11;25,2002-11-25,,,,,,,,,,,,,1.336,,All
USA,,,2002,49,2002;12;02,2002-12-02,,,,,,,,,,,,,1.316,,All
USA,,,2002,50,2002;12;09,2002-12-09,,,,,,,,,,,,,1.316,,All
USA,,,2002,51,2002;12;16,2002-12-16,,,,,,,,,,,,,1.322,,All
USA,,,2002,52,2002;12;23,2002-12-23,,,,,,,,,,,,,1.371,,All
USA,,,2002,1,2002;12;30,2002-12-30,,,,,,,,,,,,,1.417,,All
USA,,,2003,2,2003;01;06,2003-01-06,,,,,,,,,,,,,1.412,,All
USA,,,2003,3,2003;01;13,2003-01-13,,,,,,,,,,,,,1.423,,All
USA,,,2003,4,2003;01;20,2003-01-20,,,,,,,,,,,,,1.422,,All
USA,,,2003,5,2003;01;27,2003-01-27,,,,,,,,,,,,,1.437,,All
USA,,,2003,6,2003;02;03,2003-02-03,,,,,,,,,,,,,1.499,,All
USA,,,2003,7,2003;02;10,2003-02-10,,,,,,,,,,,,,1.582,,All
USA,,,2003,8,2003;02;17,2003-02-17,,,,,,,,,,,,,1.63,,All
USA,,,2003,9,2003;02;24,2003-02-24,,,,,,,,,,,,,1.617,,All
USA,,,2003,10,2003;03;03,2003-03-03,,,,,,,,,,,,,1.641,,All
USA,,,2003,11,2003;03;10,2003-03-10,,,,,,,,,,,,,1.663,,All
USA,,,2003,12,2003;03;17,2003-03-17,,,,,,,,,,,,,1.673,,All
USA,,,2003,13,2003;03;24,2003-03-24,,,,,,,,,,,,,1.626,,All
USA,,,2003,14,2003;03;31,2003-03-31,,,,,,,,,,,,,1.577,,All
USA,,,2003,15,2003;04;07,2003-04-07,,,,,,,,,,,,,1.557,,All
USA,,,2003,16,2003;04;14,2003-04-14,,,,,,,,,,,,,1.521,,All
USA,,,2003,17,2003;04;21,2003-04-21,,,,,,,,,,,,,1.504,,All
USA,,,2003,18,2003;04;28,2003-04-28,,,,,,,,,,,,,1.486,,All
USA,,,2003,19,2003;05;05,2003-05-05,,,,,,,,,,,,,1.441,,All
USA,,,2003,20,2003;05;12,2003-05-12,,,,,,,,,,,,,1.427,,All
USA,,,2003,21,2003;05;19,2003-05-19,,,,,,,,,,,,,1.444,,All
USA,,,2003,22,2003;05;26,2003-05-26,,,,,,,,,,,,,1.439,,All
USA,,,2003,23,2003;06;02,2003-06-02,,,,,,,,,,,,,1.428,,All
USA,,,2003,24,2003;06;09,2003-06-09,,,,,,,,,,,,,1.456,,All
USA,,,2003,25,2003;06;16,2003-06-16,,,,,,,,,,,,,1.48,,All
USA,,,2003,26,2003;06;23,2003-06-23,,,,,,,,,,,,,1.451,,All
USA,,,2003,27,2003;06;30,2003-06-30,,,,,,,,,,,,,1.443,,All
USA,,,2003,28,2003;07;07,2003-07-07,,,,,,,,,,,,,1.448,,All
USA,,,2003,29,2003;07;14,2003-07-14,,,,,,,,,,,,,1.489,,All
USA,,,2003,30,2003;07;21,2003-07-21,,,,,,,,,,,,,1.496,,All
USA,,,2003,31,2003;07;28,2003-07-28,,,,,,,,,,,,,1.488,,All
USA,,,2003,32,2003;08;04,2003-08-04,,,,,,,,,,,,,1.516,,All
USA,,,2003,33,2003;08;11,2003-08-11,,,,,,,,,,,,,1.55,,All
USA,,,2003,34,2003;08;18,2003-08-18,,,,,,,,,,,,,1.594,,All
USA,,,2003,35,2003;08;25,2003-08-25,,,,,,,,,,,,,1.693,,All
USA,,,2003,36,2003;09;01,2003-09-01,,,,,,,,,,,,,1.688,,All
USA,,,2003,37,2003;09;08,2003-09-08,,,,,,,,,,,,,1.653,,All
USA,,,2003,38,2003;09;15,2003-09-15,,,,,,,,,,,,,1.636,,All
USA,,,2003,39,2003;09;22,2003-09-22,,,,,,,,,,,,,1.58,,All
USA,,,2003,40,2003;09;29,2003-09-29,,,,,,,,,,,,,1.524,,All
USA,,,2003,41,2003;10;06,2003-10-06,,,,,,,,,,,,,1.511,,All
USA,,,2003,42,2003;10;13,2003-10-13,,,,,,,,,,,,,1.515,,All
USA,,,2003,43,2003;10;20,2003-10-20,,,,,,,,,,,,,1.527,,All
USA,,,2003,44,2003;10;27,2003-10-27,,,,,,,,,,,,,1.499,,All
USA,,,2003,45,2003;11;03,2003-11-03,,,,,,,,,,,,,1.494,,All
USA,,,2003,46,2003;11;10,2003-11-10,,,,,,,,,,,,,1.464,,All
USA,,,2003,47,2003;11;17,2003-11-17,,,,,,,,,,,,,1.459,,All
USA,,,2003,48,2003;11;24,2003-11-24,,,,,,,,,,,,,1.478,,All
USA,,,2003,49,2003;12;01,2003-12-01,,,,,,,,,,,,,1.454,,All
USA,,,2003,50,2003;12;08,2003-12-08,,,,,,,,,,,,,1.441,,All
USA,,,2003,51,2003;12;15,2003-12-15,,,,,,,,,,,,,1.433,,All
USA,,,2003,52,2003;12;22,2003-12-22,,,,,,,,,,,,,1.459,,All
USA,,,2003,1,2003;12;29,2003-12-29,,,,,,,,,,,,,1.454,,All
USA,,,2004,2,2004;01;05,2004-01-05,,,,,,,,,,,,,1.492,,All
USA,,,2004,3,2004;01;12,2004-01-12,,,,,,,,,,,,,1.544,,All
USA,,,2004,4,2004;01;19,2004-01-19,,,,,,,,,,,,,1.579,,All
USA,,,2004,5,2004;01;26,2004-01-26,,,,,,,,,,,,,1.604,,All
USA,,,2004,6,2004;02;02,2004-02-02,,,,,,,,,,,,,1.591,,All
USA,,,2004,7,2004;02;09,2004-02-09,,,,,,,,,,,,,1.609,,All
USA,,,2004,8,2004;02;16,2004-02-16,,,,,,,,,,,,,1.617,,All
USA,,,2004,9,2004;02;23,2004-02-23,,,,,,,,,,,,,1.641,,All
USA,,,2004,10,2004;03;01,2004-03-01,,,,,,,,,,,,,1.664,,All
USA,,,2004,11,2004;03;08,2004-03-08,,,,,,,,,,,,,1.69,,All
USA,,,2004,12,2004;03;15,2004-03-15,,,,,,,,,,,,,1.675,,All
USA,,,2004,13,2004;03;22,2004-03-22,,,,,,,,,,,,,1.698,,All
USA,,,2004,14,2004;03;29,2004-03-29,,,,,,,,,,,,,1.716,,All
USA,,,2004,15,2004;04;05,2004-04-05,,,,,,,,,,,,,1.737,,All
USA,,,2004,16,2004;04;12,2004-04-12,,,,,,,,,,,,,1.74,,All
USA,,,2004,17,2004;04;19,2004-04-19,,,,,,,,,,,,,1.773,,All
USA,,,2004,18,2004;04;26,2004-04-26,,,,,,,,,,,,,1.774,,All
USA,,,2004,19,2004;05;03,2004-05-03,,,,,,,,,,,,,1.811,,All
USA,,,2004,20,2004;05;10,2004-05-10,,,,,,,,,,,,,1.904,,All
USA,,,2004,21,2004;05;17,2004-05-17,,,,,,,,,,,,,1.979,,All
USA,,,2004,22,2004;05;24,2004-05-24,,,,,,,,,,,,,2.026,,All
USA,,,2004,23,2004;05;31,2004-05-31,,,,,,,,,,,,,2.004,,All
USA,,,2004,24,2004;06;07,2004-06-07,,,,,,,,,,,,,1.983,,All
USA,,,2004,25,2004;06;14,2004-06-14,,,,,,,,,,,,,1.926,,All
USA,,,2004,26,2004;06;21,2004-06-21,,,,,,,,,,,,,1.873,,All
USA,,,2004,27,2004;06;28,2004-06-28,,,,,,,,,,,,,1.859,,All
USA,,,2004,28,2004;07;05,2004-07-05,,,,,,,,,,,,,1.835,,All
USA,,,2004,29,2004;07;12,2004-07-12,,,,,,,,,,,,,1.869,,All
USA,,,2004,30,2004;07;19,2004-07-19,,,,,,,,,,,,,1.888,,All
USA,,,2004,31,2004;07;26,2004-07-26,,,,,,,,,,,,,1.861,,All
USA,,,2004,32,2004;08;02,2004-08-02,,,,,,,,,,,,,1.846,,All
USA,,,2004,33,2004;08;09,2004-08-09,,,,,,,,,,,,,1.839,,All
USA,,,2004,34,2004;08;16,2004-08-16,,,,,,,,,,,,,1.842,,All
USA,,,2004,35,2004;08;23,2004-08-23,,,,,,,,,,,,,1.854,,All
USA,,,2004,36,2004;08;30,2004-08-30,,,,,,,,,,,,,1.827,,All
USA,,,2004,37,2004;09;06,2004-09-06,,,,,,,,,,,,,1.815,,All
USA,,,2004,38,2004;09;13,2004-09-13,,,,,,,,,,,,,1.813,,All
USA,,,2004,39,2004;09;20,2004-09-20,,,,,,,,,,,,,1.839,,All
USA,,,2004,40,2004;09;27,2004-09-27,,,,,,,,,,,,,1.895,,All
USA,,,2004,41,2004;10;04,2004-10-04,,,,,,,,,,,,,1.902,,All
USA,,,2004,42,2004;10;11,2004-10-11,,,,,,,,,,,,,1.949,,All
USA,,,2004,43,2004;10;18,2004-10-18,,,,,,,,,,,,,1.984,,All
USA,,,2004,44,2004;10;25,2004-10-25,,,,,,,,,,,,,1.98,,All
USA,,,2004,45,2004;11;01,2004-11-01,,,,,,,,,,,,,1.986,,All
USA,,,2004,46,2004;11;08,2004-11-08,,,,,,,,,,,,,1.951,,All
USA,,,2004,47,2004;11;15,2004-11-15,,,,,,,,,,,,,1.918,,All
USA,,,2004,48,2004;11;22,2004-11-22,,,,,,,,,,,,,1.901,,All
USA,,,2004,49,2004;11;29,2004-11-29,,,,,,,,,,,,,1.903,,All
USA,,,2004,50,2004;12;06,2004-12-06,,,,,,,,,,,,,1.868,,All
USA,,,2004,51,2004;12;13,2004-12-13,,,,,,,,,,,,,1.799,,All
USA,,,2004,52,2004;12;20,2004-12-20,,,,,,,,,,,,,1.777,,All
USA,,,2004,1,2004;12;27,2004-12-27,,,,,,,,,,,,,1.754,,All
USA,,,2005,2,2005;01;03,2005-01-03,,,,,,,,,,,,,1.745,,All
USA,,,2005,3,2005;01;10,2005-01-10,,,,,,,,,,,,,1.771,,All
USA,,,2005,4,2005;01;17,2005-01-17,,,,,,,,,,,,,1.802,,All
USA,,,2005,5,2005;01;24,2005-01-24,,,,,,,,,,,,,1.839,,All
USA,,,2005,6,2005;01;31,2005-01-31,,,,,,,,,,,,,1.896,,All
USA,,,2005,7,2005;02;07,2005-02-07,,,,,,,,,,,,,1.89,,All
USA,,,2005,8,2005;02;14,2005-02-14,,,,,,,,,,,,,1.873,,All
USA,,,2005,9,2005;02;21,2005-02-21,,,,,,,,,,,,,1.878,,All
USA,,,2005,10,2005;02;28,2005-02-28,,,,,,,,,,,,,1.904,,All
USA,,,2005,11,2005;03;07,2005-03-07,,,,,,,,,,,,,1.979,,All
USA,,,2005,12,2005;03;14,2005-03-14,,,,,,,,,,,,,2.039,,All
USA,,,2005,13,2005;03;21,2005-03-21,,,,,,,,,,,,,2.095,,All
USA,,,2005,14,2005;03;28,2005-03-28,,,,,,,,,,,,,2.137,,All
USA,,,2005,15,2005;04;04,2005-04-04,,,,,,,,,,,,,2.196,,All
USA,,,2005,16,2005;04;11,2005-04-11,,,,,,,,,,,,,2.251,,All
USA,,,2005,17,2005;04;18,2005-04-18,,,,,,,,,,,,,2.198,,All
USA,,,2005,18,2005;04;25,2005-04-25,,,,,,,,,,,,,2.197,,All
USA,,,2005,19,2005;05;02,2005-05-02,,,,,,,,,,,,,2.191,,All
USA,,,2005,20,2005;05;09,2005-05-09,,,,,,,,,,,,,2.137,,All
USA,,,2005,21,2005;05;16,2005-05-16,,,,,,,,,,,,,2.116,,All
USA,,,2005,22,2005;05;23,2005-05-23,,,,,,,,,,,,,2.077,,All
USA,,,2005,23,2005;05;30,2005-05-30,,,,,,,,,,,,,2.051,,All
USA,,,2005,24,2005;06;06,2005-06-06,,,,,,,,,,,,,2.078,,All
USA,,,2005,25,2005;06;13,2005-06-13,,,,,,,,,,,,,2.099,,All
USA,,,2005,26,2005;06;20,2005-06-20,,,,,,,,,,,,,2.128,,All
USA,,,2005,27,2005;06;27,2005-06-27,,,,,,,,,,,,,2.186,,All
USA,,,2005,28,2005;07;04,2005-07-04,,,,,,,,,,,,,2.189,,All
USA,,,2005,29,2005;07;11,2005-07-11,,,,,,,,,,,,,2.292,,All
USA,,,2005,30,2005;07;18,2005-07-18,,,,,,,,,,,,,2.272,,All
USA,,,2005,31,2005;07;25,2005-07-25,,,,,,,,,,,,,2.235,,All
USA,,,2005,32,2005;08;01,2005-08-01,,,,,,,,,,,,,2.239,,All
USA,,,2005,33,2005;08;08,2005-08-08,,,,,,,,,,,,,2.323,,All
USA,,,2005,34,2005;08;15,2005-08-15,,,,,,,,,,,,,2.519,,All
USA,,,2005,35,2005;08;22,2005-08-22,,,,,,,,,,,,,2.583,,All
USA,,,2005,36,2005;08;29,2005-08-29,,,,,,,,,,,,,2.581,,All
USA,,,2005,37,2005;09;05,2005-09-05,,,,,,,,,,,,,3.037,,All
USA,,,2005,38,2005;09;12,2005-09-12,,,,,,,,,,,,,2.912,,All
USA,,,2005,39,2005;09;19,2005-09-19,,,,,,,,,,,,,2.73,,All
USA,,,2005,40,2005;09;26,2005-09-26,,,,,,,,,,,,,2.767,,All
USA,,,2005,41,2005;10;03,2005-10-03,,,,,,,,,,,,,2.922,,All
USA,,,2005,42,2005;10;10,2005-10-10,,,,,,,,,,,,,2.828,,All
USA,,,2005,43,2005;10;17,2005-10-17,,,,,,,,,,,,,2.693,,All
USA,,,2005,44,2005;10;24,2005-10-24,,,,,,,,,,,,,2.564,,All
USA,,,2005,45,2005;10;31,2005-10-31,,,,,,,,,,,,,2.438,,All
USA,,,2005,46,2005;11;07,2005-11-07,,,,,,,,,,,,,2.336,,All
USA,,,2005,47,2005;11;14,2005-11-14,,,,,,,,,,,,,2.258,,All
USA,,,2005,48,2005;11;21,2005-11-21,,,,,,,,,,,,,2.168,,All
USA,,,2005,49,2005;11;28,2005-11-28,,,,,,,,,,,,,2.124,,All
USA,,,2005,50,2005;12;05,2005-12-05,,,,,,,,,,,,,2.127,,All
USA,,,2005,51,2005;12;12,2005-12-12,,,,,,,,,,,,,2.175,,All
USA,,,2005,52,2005;12;19,2005-12-19,,,,,,,,,,,,,2.205,,All
USA,,,2005,1,2005;12;26,2005-12-26,,,,,,,,,,,,,2.188,,All
USA,,,2006,2,2006;01;02,2006-01-02,,,,,,,,,,,,,2.236,,All
USA,,,2006,3,2006;01;09,2006-01-09,,,,,,,,,,,,,2.321,,All
USA,,,2006,4,2006;01;16,2006-01-16,,,,,,,,,,,,,2.297,,All
USA,,,2006,5,2006;01;23,2006-01-23,,,,,,,,,,,,,2.314,,All
USA,,,2006,6,2006;01;30,2006-01-30,,,,,,,,,,,,,2.332,,All
USA,,,2006,7,2006;02;06,2006-02-06,,,,,,,,,,,,,2.31,,All
USA,,,2006,8,2006;02;13,2006-02-13,,,,,,,,,,,,,2.246,,All
USA,,,2006,9,2006;02;20,2006-02-20,,,,,,,,,,,,,2.205,,All
USA,,,2006,10,2006;02;27,2006-02-27,,,,,,,,,,,,,2.236,,All
USA,,,2006,11,2006;03;06,2006-03-06,,,,,,,,,,,,,2.321,,All
USA,,,2006,12,2006;03;13,2006-03-13,,,,,,,,,,,,,2.355,,All
USA,,,2006,13,2006;03;20,2006-03-20,,,,,,,,,,,,,2.495,,All
USA,,,2006,14,2006;03;27,2006-03-27,,,,,,,,,,,,,2.479,,All
USA,,,2006,15,2006;04;03,2006-04-03,,,,,,,,,,,,,2.567,,All
USA,,,2006,16,2006;04;10,2006-04-10,,,,,,,,,,,,,2.663,,All
USA,,,2006,17,2006;04;17,2006-04-17,,,,,,,,,,,,,2.764,,All
USA,,,2006,18,2006;04;24,2006-04-24,,,,,,,,,,,,,2.881,,All
USA,,,2006,19,2006;05;01,2006-05-01,,,,,,,,,,,,,2.866,,All
USA,,,2006,20,2006;05;08,2006-05-08,,,,,,,,,,,,,2.834,,All
USA,,,2006,21,2006;05;15,2006-05-15,,,,,,,,,,,,,2.871,,All
USA,,,2006,22,2006;05;22,2006-05-22,,,,,,,,,,,,,2.801,,All
USA,,,2006,23,2006;05;29,2006-05-29,,,,,,,,,,,,,2.784,,All
USA,,,2006,24,2006;06;05,2006-06-05,,,,,,,,,,,,,2.811,,All
USA,,,2006,25,2006;06;12,2006-06-12,,,,,,,,,,,,,2.833,,All
USA,,,2006,26,2006;06;19,2006-06-19,,,,,,,,,,,,,2.793,,All
USA,,,2006,27,2006;06;26,2006-06-26,,,,,,,,,,,,,2.796,,All
USA,,,2006,28,2006;07;03,2006-07-03,,,,,,,,,,,,,2.873,,All
USA,,,2006,29,2006;07;10,2006-07-10,,,,,,,,,,,,,2.91,,All
USA,,,2006,30,2006;07;17,2006-07-17,,,,,,,,,,,,,2.928,,All
USA,,,2006,31,2006;07;24,2006-07-24,,,,,,,,,,,,,2.95,,All
USA,,,2006,32,2006;07;31,2006-07-31,,,,,,,,,,,,,2.955,,All
USA,,,2006,33,2006;08;07,2006-08-07,,,,,,,,,,,,,3.004,,All
USA,,,2006,34,2006;08;14,2006-08-14,,,,,,,,,,,,,2.958,,All
USA,,,2006,35,2006;08;21,2006-08-21,,,,,,,,,,,,,2.877,,All
USA,,,2006,36,2006;08;28,2006-08-28,,,,,,,,,,,,,2.8,,All
USA,,,2006,37,2006;09;04,2006-09-04,,,,,,,,,,,,,2.68,,All
USA,,,2006,38,2006;09;11,2006-09-11,,,,,,,,,,,,,2.563,,All
USA,,,2006,39,2006;09;18,2006-09-18,,,,,,,,,,,,,2.441,,All
USA,,,2006,40,2006;09;25,2006-09-25,,,,,,,,,,,,,2.32,,All
USA,,,2006,41,2006;10;02,2006-10-02,,,,,,,,,,,,,2.263,,All
USA,,,2006,42,2006;10;09,2006-10-09,,,,,,,,,,,,,2.222,,All
USA,,,2006,43,2006;10;16,2006-10-16,,,,,,,,,,,,,2.195,,All
USA,,,2006,44,2006;10;23,2006-10-23,,,,,,,,,,,,,2.186,,All
USA,,,2006,45,2006;10;30,2006-10-30,,,,,,,,,,,,,2.204,,All
USA,,,2006,46,2006;11;06,2006-11-06,,,,,,,,,,,,,2.189,,All
USA,,,2006,47,2006;11;13,2006-11-13,,,,,,,,,,,,,2.216,,All
USA,,,2006,48,2006;11;20,2006-11-20,,,,,,,,,,,,,2.218,,All
USA,,,2006,49,2006;11;27,2006-11-27,,,,,,,,,,,,,2.221,,All
USA,,,2006,50,2006;12;04,2006-12-04,,,,,,,,,,,,,2.277,,All
USA,,,2006,51,2006;12;11,2006-12-11,,,,,,,,,,,,,2.267,,All
USA,,,2006,52,2006;12;18,2006-12-18,,,,,,,,,,,,,2.29,,All
USA,,,2006,53,2006;12;25,2006-12-25,,,,,,,,,,,,,2.303,,All
USA,,,2007,1,2007;01;01,2007-01-01,,,,,,,,,,,,,2.296,,All
USA,,,2007,2,2007;01;08,2007-01-08,,,,,,,,,,,,,2.258,,All
USA,,,2007,3,2007;01;15,2007-01-15,,,,,,,,,,,,,2.173,,All
USA,,,2007,4,2007;01;22,2007-01-22,,,,,,,,,,,,,2.107,,All
USA,,,2007,5,2007;01;29,2007-01-29,,,,,,,,,,,,,2.119,,All
USA,,,2007,6,2007;02;05,2007-02-05,,,,,,,,,,,,,2.151,,All
USA,,,2007,7,2007;02;12,2007-02-12,,,,,,,,,,,,,2.198,,All
USA,,,2007,8,2007;02;19,2007-02-19,,,,,,,,,,,,,2.251,,All
USA,,,2007,9,2007;02;26,2007-02-26,,,,,,,,,,,,,2.338,,All
USA,,,2007,10,2007;03;05,2007-03-05,,,,,,,,,,,,,2.46,,All
USA,,,2007,11,2007;03;12,2007-03-12,,,,,,,,,,,,,2.499,,All
USA,,,2007,12,2007;03;19,2007-03-19,,,,,,,,,,,,,2.511,,All
USA,,,2007,13,2007;03;26,2007-03-26,,,,,,,,,,,,,2.54,,All
USA,,,2007,14,2007;04;02,2007-04-02,,,,,,,,,,,,,2.636,,All
USA,,,2007,15,2007;04;09,2007-04-09,,,,,,,,,,,,,2.746,,All
USA,,,2007,16,2007;04;16,2007-04-16,,,,,,,,,,,,,2.822,,All
USA,,,2007,17,2007;04;23,2007-04-23,,,,,,,,,,,,,2.811,,All
USA,,,2007,18,2007;04;30,2007-04-30,,,,,,,,,,,,,2.922,,All
USA,,,2007,19,2007;05;07,2007-05-07,,,,,,,,,,,,,3.002,,All
USA,,,2007,20,2007;05;14,2007-05-14,,,,,,,,,,,,,3.069,,All
USA,,,2007,21,2007;05;21,2007-05-21,,,,,,,,,,,,,3.211,,All
USA,,,2007,22,2007;05;28,2007-05-28,,,,,,,,,,,,,3.195,,All
USA,,,2007,23,2007;06;04,2007-06-04,,,,,,,,,,,,,3.132,,All
USA,,,2007,24,2007;06;11,2007-06-11,,,,,,,,,,,,,3.04,,All
USA,,,2007,25,2007;06;18,2007-06-18,,,,,,,,,,,,,2.974,,All
USA,,,2007,26,2007;06;25,2007-06-25,,,,,,,,,,,,,2.951,,All
USA,,,2007,27,2007;07;02,2007-07-02,,,,,,,,,,,,,2.933,,All
USA,,,2007,28,2007;07;09,2007-07-09,,,,,,,,,,,,,2.971,,All
USA,,,2007,29,2007;07;16,2007-07-16,,,,,,,,,,,,,3.046,,All
USA,,,2007,30,2007;07;23,2007-07-23,,,,,,,,,,,,,2.938,,All
USA,,,2007,31,2007;07;30,2007-07-30,,,,,,,,,,,,,2.849,,All
USA,,,2007,32,2007;08;06,2007-08-06,,,,,,,,,,,,,2.816,,All
USA,,,2007,33,2007;08;13,2007-08-13,,,,,,,,,,,,,2.752,,All
USA,,,2007,34,2007;08;20,2007-08-20,,,,,,,,,,,,,2.783,,All
USA,,,2007,35,2007;08;27,2007-08-27,,,,,,,,,,,,,2.756,,All
USA,,,2007,36,2007;09;03,2007-09-03,,,,,,,,,,,,,2.818,,All
USA,,,2007,37,2007;09;10,2007-09-10,,,,,,,,,,,,,2.84,,All
USA,,,2007,38,2007;09;17,2007-09-17,,,,,,,,,,,,,2.792,,All
USA,,,2007,39,2007;09;24,2007-09-24,,,,,,,,,,,,,2.816,,All
USA,,,2007,40,2007;10;01,2007-10-01,,,,,,,,,,,,,2.784,,All
USA,,,2007,41,2007;10;08,2007-10-08,,,,,,,,,,,,,2.761,,All
USA,,,2007,42,2007;10;15,2007-10-15,,,,,,,,,,,,,2.746,,All
USA,,,2007,43,2007;10;22,2007-10-22,,,,,,,,,,,,,2.806,,All
USA,,,2007,44,2007;10;29,2007-10-29,,,,,,,,,,,,,2.859,,All
USA,,,2007,45,2007;11;05,2007-11-05,,,,,,,,,,,,,3.007,,All
USA,,,2007,46,2007;11;12,2007-11-12,,,,,,,,,,,,,3.101,,All
USA,,,2007,47,2007;11;19,2007-11-19,,,,,,,,,,,,,3.077,,All
USA,,,2007,48,2007;11;26,2007-11-26,,,,,,,,,,,,,3.072,,All
USA,,,2007,49,2007;12;03,2007-12-03,,,,,,,,,,,,,3.029,,All
USA,,,2007,50,2007;12;10,2007-12-10,,,,,,,,,,,,,2.957,,All
USA,,,2007,51,2007;12;17,2007-12-17,,,,,,,,,,,,,2.962,,All
USA,,,2007,52,2007;12;24,2007-12-24,,,,,,,,,,,,,2.943,,All
USA,,,2007,1,2007;12;31,2007-12-31,,,,,,,,,,,,,3.028,,All
USA,,,2008,2,2008;01;07,2008-01-07,,,,,,,,,,,,,3.088,,All
USA,,,2008,3,2008;01;14,2008-01-14,,,,,,,,,,,,,3.041,,All
USA,,,2008,4,2008;01;21,2008-01-21,,,,,,,,,,,,,2.991,,All
USA,,,2008,5,2008;01;28,2008-01-28,,,,,,,,,,,,,2.953,,All
USA,,,2008,6,2008;02;04,2008-02-04,,,,,,,,,,,,,2.966,,All
USA,,,2008,7,2008;02;11,2008-02-11,,,,,,,,,,,,,2.947,,All
USA,,,2008,8,2008;02;18,2008-02-18,,,,,,,,,,,,,3.035,,All
USA,,,2008,9,2008;02;25,2008-02-25,,,,,,,,,,,,,3.115,,All
USA,,,2008,10,2008;03;03,2008-03-03,,,,,,,,,,,,,3.137,,All
USA,,,2008,11,2008;03;10,2008-03-10,,,,,,,,,,,,,3.2,,All
USA,,,2008,12,2008;03;17,2008-03-17,,,,,,,,,,,,,3.257,,All
USA,,,2008,13,2008;03;24,2008-03-24,,,,,,,,,,,,,3.224,,All
USA,,,2008,14,2008;03;31,2008-03-31,,,,,,,,,,,,,3.259,,All
USA,,,2008,15,2008;04;07,2008-04-07,,,,,,,,,,,,,3.299,,All
USA,,,2008,16,2008;04;14,2008-04-14,,,,,,,,,,,,,3.35,,All
USA,,,2008,17,2008;04;21,2008-04-21,,,,,,,,,,,,,3.467,,All
USA,,,2008,18,2008;04;28,2008-04-28,,,,,,,,,,,,,3.566,,All
USA,,,2008,19,2008;05;05,2008-05-05,,,,,,,,,,,,,3.571,,All
USA,,,2008,20,2008;05;12,2008-05-12,,,,,,,,,,,,,3.694,,All
USA,,,2008,21,2008;05;19,2008-05-19,,,,,,,,,,,,,3.762,,All
USA,,,2008,22,2008;05;26,2008-05-26,,,,,,,,,,,,,3.913,,All
USA,,,2008,23,2008;06;02,2008-06-02,,,,,,,,,,,,,3.932,,All
USA,,,2008,24,2008;06;09,2008-06-09,,,,,,,,,,,,,3.979,,All
USA,,,2008,25,2008;06;16,2008-06-16,,,,,,,,,,,,,4.007,,All
USA,,,2008,26,2008;06;23,2008-06-23,,,,,,,,,,,,,4.002,,All
USA,,,2008,27,2008;06;30,2008-06-30,,,,,,,,,,,,,4.027,,All
USA,,,2008,28,2008;07;07,2008-07-07,,,,,,,,,,,,,4.051,,All
USA,,,2008,29,2008;07;14,2008-07-14,,,,,,,,,,,,,4.054,,All
USA,,,2008,30,2008;07;21,2008-07-21,,,,,,,,,,,,,4.005,,All
USA,,,2008,31,2008;07;28,2008-07-28,,,,,,,,,,,,,3.896,,All
USA,,,2008,32,2008;08;04,2008-08-04,,,,,,,,,,,,,3.828,,All
USA,,,2008,33,2008;08;11,2008-08-11,,,,,,,,,,,,,3.764,,All
USA,,,2008,34,2008;08;18,2008-08-18,,,,,,,,,,,,,3.706,,All
USA,,,2008,35,2008;08;25,2008-08-25,,,,,,,,,,,,,3.66,,All
USA,,,2008,36,2008;09;01,2008-09-01,,,,,,,,,,,,,3.667,,All
USA,,,2008,37,2008;09;08,2008-09-08,,,,,,,,,,,,,3.637,,All
USA,,,2008,38,2008;09;15,2008-09-15,,,,,,,,,,,,,3.867,,All
USA,,,2008,39,2008;09;22,2008-09-22,,,,,,,,,,,,,3.732,,All
USA,,,2008,40,2008;09;29,2008-09-29,,,,,,,,,,,,,3.644,,All
USA,,,2008,41,2008;10;06,2008-10-06,,,,,,,,,,,,,3.485,,All
USA,,,2008,42,2008;10;13,2008-10-13,,,,,,,,,,,,,3.109,,All
USA,,,2008,43,2008;10;20,2008-10-20,,,,,,,,,,,,,2.855,,All
USA,,,2008,44,2008;10;27,2008-10-27,,,,,,,,,,,,,2.589,,All
USA,,,2008,45,2008;11;03,2008-11-03,,,,,,,,,,,,,2.34,,All
USA,,,2008,46,2008;11;10,2008-11-10,,,,,,,,,,,,,2.17,,All
USA,,,2008,47,2008;11;17,2008-11-17,,,,,,,,,,,,,2.027,,All
USA,,,2008,48,2008;11;24,2008-11-24,,,,,,,,,,,,,1.857,,All
USA,,,2008,49,2008;12;01,2008-12-01,,,,,,,,,,,,,1.79,,All
USA,,,2008,50,2008;12;08,2008-12-08,,,,,,,,,,,,,1.681,,All
USA,,,2008,51,2008;12;15,2008-12-15,,,,,,,,,,,,,1.648,,All
USA,,,2008,52,2008;12;22,2008-12-22,,,,,,,,,,,,,1.635,,All
USA,,,2008,1,2008;12;29,2008-12-29,,,,,,,,,,,,,1.59,,All
USA,,,2009,2,2009;01;05,2009-01-05,,,,,,,,,,,,,1.672,,All
USA,,,2009,3,2009;01;12,2009-01-12,,,,,,,,,,,,,1.772,,All
USA,,,2009,4,2009;01;19,2009-01-19,,,,,,,,,,,,,1.832,,All
USA,,,2009,5,2009;01;26,2009-01-26,,,,,,,,,,,,,1.813,,All
USA,,,2009,6,2009;02;02,2009-02-02,,,,,,,,,,,,,1.871,,All
USA,,,2009,7,2009;02;09,2009-02-09,,,,,,,,,,,,,1.897,,All
USA,,,2009,8,2009;02;16,2009-02-16,,,,,,,,,,,,,1.931,,All
USA,,,2009,9,2009;02;23,2009-02-23,,,,,,,,,,,,,1.868,,All
USA,,,2009,10,2009;03;02,2009-03-02,,,,,,,,,,,,,1.91,,All
USA,,,2009,11,2009;03;09,2009-03-09,,,,,,,,,,,,,1.918,,All
USA,,,2009,12,2009;03;16,2009-03-16,,,,,,,,,,,,,1.885,,All
USA,,,2009,13,2009;03;23,2009-03-23,,,,,,,,,,,,,1.944,,All
USA,,,2009,14,2009;03;30,2009-03-30,,,,,,,,,,,,,2.03,,All
USA,,,2009,15,2009;04;06,2009-04-06,,,,,,,,,,,,,2.011,,All
USA,,,2009,16,2009;04;13,2009-04-13,,,,,,,,,,,,,2.025,,All
USA,,,2009,17,2009;04;20,2009-04-20,,,,,,,,,,,,,2.031,,All
USA,,,2009,18,2009;04;27,2009-04-27,,,,,,,,,,,,,2.016,,All
USA,,,2009,19,2009;05;04,2009-05-04,,,,,,,,,,,,,2.045,,All
USA,,,2009,20,2009;05;11,2009-05-11,,,,,,,,,,,,,2.218,,All
USA,,,2009,21,2009;05;18,2009-05-18,,,,,,,,,,,,,2.281,,All
USA,,,2009,22,2009;05;25,2009-05-25,,,,,,,,,,,,,2.414,,All
USA,,,2009,23,2009;06;01,2009-06-01,,,,,,,,,,,,,2.502,,All
USA,,,2009,24,2009;06;08,2009-06-08,,,,,,,,,,,,,2.6,,All
USA,,,2009,25,2009;06;15,2009-06-15,,,,,,,,,,,,,2.639,,All
USA,,,2009,26,2009;06;22,2009-06-22,,,,,,,,,,,,,2.65,,All
USA,,,2009,27,2009;06;29,2009-06-29,,,,,,,,,,,,,2.593,,All
USA,,,2009,28,2009;07;06,2009-07-06,,,,,,,,,,,,,2.563,,All
USA,,,2009,29,2009;07;13,2009-07-13,,,,,,,,,,,,,2.479,,All
USA,,,2009,30,2009;07;20,2009-07-20,,,,,,,,,,,,,2.411,,All
USA,,,2009,31,2009;07;27,2009-07-27,,,,,,,,,,,,,2.46,,All
USA,,,2009,32,2009;08;03,2009-08-03,,,,,,,,,,,,,2.511,,All
USA,,,2009,33,2009;08;10,2009-08-10,,,,,,,,,,,,,2.596,,All
USA,,,2009,34,2009;08;17,2009-08-17,,,,,,,,,,,,,2.58,,All
USA,,,2009,35,2009;08;24,2009-08-24,,,,,,,,,,,,,2.572,,All
USA,,,2009,36,2009;08;31,2009-08-31,,,,,,,,,,,,,2.553,,All
USA,,,2009,37,2009;09;07,2009-09-07,,,,,,,,,,,,,2.519,,All
USA,,,2009,38,2009;09;14,2009-09-14,,,,,,,,,,,,,2.499,,All
USA,,,2009,39,2009;09;21,2009-09-21,,,,,,,,,,,,,2.477,,All
USA,,,2009,40,2009;09;28,2009-09-28,,,,,,,,,,,,,2.425,,All
USA,,,2009,41,2009;10;05,2009-10-05,,,,,,,,,,,,,2.396,,All
USA,,,2009,42,2009;10;12,2009-10-12,,,,,,,,,,,,,2.432,,All
USA,,,2009,43,2009;10;19,2009-10-19,,,,,,,,,,,,,2.532,,All
USA,,,2009,44,2009;10;26,2009-10-26,,,,,,,,,,,,,2.641,,All
USA,,,2009,45,2009;11;02,2009-11-02,,,,,,,,,,,,,2.66,,All
USA,,,2009,46,2009;11;09,2009-11-09,,,,,,,,,,,,,2.627,,All
USA,,,2009,47,2009;11;16,2009-11-16,,,,,,,,,,,,,2.585,,All
USA,,,2009,48,2009;11;23,2009-11-23,,,,,,,,,,,,,2.603,,All
USA,,,2009,49,2009;11;30,2009-11-30,,,,,,,,,,,,,2.594,,All
USA,,,2009,50,2009;12;07,2009-12-07,,,,,,,,,,,,,2.601,,All
USA,,,2009,51,2009;12;14,2009-12-14,,,,,,,,,,,,,2.56,,All
USA,,,2009,52,2009;12;21,2009-12-21,,,,,,,,,,,,,2.546,,All
USA,,,2009,1,2009;12;28,2009-12-28,,,,,,,,,,,,,2.564,,All
USA,,,2010,2,2010;01;04,2010-01-04,,,,,,,,,,,,,2.627,,All
USA,,,2010,3,2010;01;11,2010-01-11,,,,,,,,,,,,,2.717,,All
USA,,,2010,4,2010;01;18,2010-01-18,,,,,,,,,,,,,2.703,,All
USA,,,2010,5,2010;01;25,2010-01-25,,,,,,,,,,,,,2.666,,All
USA,,,2010,6,2010;02;01,2010-02-01,,,,,,,,,,,,,2.618,,All
USA,,,2010,7,2010;02;08,2010-02-08,,,,,,,,,,,,,2.611,,All
USA,,,2010,8,2010;02;15,2010-02-15,,,,,,,,,,,,,2.563,,All
USA,,,2010,9,2010;02;22,2010-02-22,,,,,,,,,,,,,2.621,,All
USA,,,2010,10,2010;03;01,2010-03-01,,,,,,,,,,,,,2.671,,All
USA,,,2010,11,2010;03;08,2010-03-08,,,,,,,,,,,,,2.721,,All
USA,,,2010,12,2010;03;15,2010-03-15,,,,,,,,,,,,,2.76,,All
USA,,,2010,13,2010;03;22,2010-03-22,,,,,,,,,,,,,2.792,,All
USA,,,2010,14,2010;03;29,2010-03-29,,,,,,,,,,,,,2.765,,All
USA,,,2010,15,2010;04;05,2010-04-05,,,,,,,,,,,,,2.795,,All
USA,,,2010,16,2010;04;12,2010-04-12,,,,,,,,,,,,,2.829,,All
USA,,,2010,17,2010;04;19,2010-04-19,,,,,,,,,,,,,2.831,,All
USA,,,2010,18,2010;04;26,2010-04-26,,,,,,,,,,,,,2.815,,All
USA,,,2010,19,2010;05;03,2010-05-03,,,,,,,,,,,,,2.864,,All
USA,,,2010,20,2010;05;10,2010-05-10,,,,,,,,,,,,,2.87,,All
USA,,,2010,21,2010;05;17,2010-05-17,,,,,,,,,,,,,2.823,,All
USA,,,2010,22,2010;05;24,2010-05-24,,,,,,,,,,,,,2.741,,All
USA,,,2010,23,2010;05;31,2010-05-31,,,,,,,,,,,,,2.679,,All
USA,,,2010,24,2010;06;07,2010-06-07,,,,,,,,,,,,,2.674,,All
USA,,,2010,25,2010;06;14,2010-06-14,,,,,,,,,,,,,2.652,,All
USA,,,2010,26,2010;06;21,2010-06-21,,,,,,,,,,,,,2.696,,All
USA,,,2010,27,2010;06;28,2010-06-28,,,,,,,,,,,,,2.712,,All
USA,,,2010,28,2010;07;05,2010-07-05,,,,,,,,,,,,,2.676,,All
USA,,,2010,29,2010;07;12,2010-07-12,,,,,,,,,,,,,2.666,,All
USA,,,2010,30,2010;07;19,2010-07-19,,,,,,,,,,,,,2.672,,All
USA,,,2010,31,2010;07;26,2010-07-26,,,,,,,,,,,,,2.703,,All
USA,,,2010,32,2010;08;02,2010-08-02,,,,,,,,,,,,,2.687,,All
USA,,,2010,33,2010;08;09,2010-08-09,,,,,,,,,,,,,2.74,,All
USA,,,2010,34,2010;08;16,2010-08-16,,,,,,,,,,,,,2.696,,All
USA,,,2010,35,2010;08;23,2010-08-23,,,,,,,,,,,,,2.653,,All
USA,,,2010,36,2010;08;30,2010-08-30,,,,,,,,,,,,,2.64,,All
USA,,,2010,37,2010;09;06,2010-09-06,,,,,,,,,,,,,2.647,,All
USA,,,2010,38,2010;09;13,2010-09-13,,,,,,,,,,,,,2.695,,All
USA,,,2010,39,2010;09;20,2010-09-20,,,,,,,,,,,,,2.703,,All
USA,,,2010,40,2010;09;27,2010-09-27,,,,,,,,,,,,,2.668,,All
USA,,,2010,41,2010;10;04,2010-10-04,,,,,,,,,,,,,2.705,,All
USA,,,2010,42,2010;10;11,2010-10-11,,,,,,,,,,,,,2.793,,All
USA,,,2010,43,2010;10;18,2010-10-18,,,,,,,,,,,,,2.795,,All
USA,,,2010,44,2010;10;25,2010-10-25,,,,,,,,,,,,,2.772,,All
USA,,,2010,45,2010;11;01,2010-11-01,,,,,,,,,,,,,2.76,,All
USA,,,2010,46,2010;11;08,2010-11-08,,,,,,,,,,,,,2.832,,All
USA,,,2010,47,2010;11;15,2010-11-15,,,,,,,,,,,,,2.849,,All
USA,,,2010,48,2010;11;22,2010-11-22,,,,,,,,,,,,,2.828,,All
USA,,,2010,49,2010;11;29,2010-11-29,,,,,,,,,,,,,2.805,,All
USA,,,2010,50,2010;12;06,2010-12-06,,,,,,,,,,,,,2.917,,All
USA,,,2010,51,2010;12;13,2010-12-13,,,,,,,,,,,,,2.937,,All
USA,,,2010,52,2010;12;20,2010-12-20,,,,,,,,,,,,,2.934,,All
USA,,,2010,1,2010;12;27,2010-12-27,,,,,,,,,,,,,3.015,,All
USA,,,2011,2,2011;01;03,2011-01-03,,,,,,,,,,,,,3.034,,All
USA,,,2011,3,2011;01;10,2011-01-10,,,,,,,,,,,,,3.052,,All
USA,,,2011,4,2011;01;17,2011-01-17,,,,,,,,,,,,,3.068,,All
USA,,,2011,5,2011;01;24,2011-01-24,,,,,,,,,,,,,3.074,,All
USA,,,2011,6,2011;01;31,2011-01-31,,,,,,,,,,,,,3.061,,All
USA,,,2011,7,2011;02;07,2011-02-07,,,,,,,,,,,,,3.094,,All
USA,,,2011,8,2011;02;14,2011-02-14,,,,,,,,,,,,,3.095,,All
USA,,,2011,9,2011;02;21,2011-02-21,,,,,,,,,,,,,3.141,,All
USA,,,2011,10,2011;02;28,2011-02-28,,,,,,,,,,,,,3.341,,All
USA,,,2011,11,2011;03;07,2011-03-07,,,,,,,,,,,,,3.473,,All
USA,,,2011,12,2011;03;14,2011-03-14,,,,,,,,,,,,,3.517,,All
USA,,,2011,13,2011;03;21,2011-03-21,,,,,,,,,,,,,3.507,,All
USA,,,2011,14,2011;03;28,2011-03-28,,,,,,,,,,,,,3.538,,All
USA,,,2011,15,2011;04;04,2011-04-04,,,,,,,,,,,,,3.635,,All
USA,,,2011,16,2011;04;11,2011-04-11,,,,,,,,,,,,,3.743,,All
USA,,,2011,17,2011;04;18,2011-04-18,,,,,,,,,,,,,3.787,,All
USA,,,2011,18,2011;04;25,2011-04-25,,,,,,,,,,,,,3.817,,All
USA,,,2011,19,2011;05;02,2011-05-02,,,,,,,,,,,,,3.906,,All
USA,,,2011,20,2011;05;09,2011-05-09,,,,,,,,,,,,,3.907,,All
USA,,,2011,21,2011;05;16,2011-05-16,,,,,,,,,,,,,3.905,,All
USA,,,2011,22,2011;05;23,2011-05-23,,,,,,,,,,,,,3.788,,All
USA,,,2011,23,2011;05;30,2011-05-30,,,,,,,,,,,,,3.741,,All
USA,,,2011,24,2011;06;06,2011-06-06,,,,,,,,,,,,,3.738,,All
USA,,,2011,25,2011;06;13,2011-06-13,,,,,,,,,,,,,3.664,,All
USA,,,2011,26,2011;06;20,2011-06-20,,,,,,,,,,,,,3.597,,All
USA,,,2011,27,2011;06;27,2011-06-27,,,,,,,,,,,,,3.513,,All
USA,,,2011,28,2011;07;04,2011-07-04,,,,,,,,,,,,,3.534,,All
USA,,,2011,29,2011;07;11,2011-07-11,,,,,,,,,,,,,3.608,,All
USA,,,2011,30,2011;07;18,2011-07-18,,,,,,,,,,,,,3.648,,All
USA,,,2011,31,2011;07;25,2011-07-25,,,,,,,,,,,,,3.667,,All
USA,,,2011,32,2011;08;01,2011-08-01,,,,,,,,,,,,,3.684,,All
USA,,,2011,33,2011;08;08,2011-08-08,,,,,,,,,,,,,3.646,,All
USA,,,2011,34,2011;08;15,2011-08-15,,,,,,,,,,,,,3.576,,All
USA,,,2011,35,2011;08;22,2011-08-22,,,,,,,,,,,,,3.552,,All
USA,,,2011,36,2011;08;29,2011-08-29,,,,,,,,,,,,,3.601,,All
USA,,,2011,37,2011;09;05,2011-09-05,,,,,,,,,,,,,3.643,,All
USA,,,2011,38,2011;09;12,2011-09-12,,,,,,,,,,,,,3.629,,All
USA,,,2011,39,2011;09;19,2011-09-19,,,,,,,,,,,,,3.56,,All
USA,,,2011,40,2011;09;26,2011-09-26,,,,,,,,,,,,,3.461,,All
USA,,,2011,41,2011;10;03,2011-10-03,,,,,,,,,,,,,3.381,,All
USA,,,2011,42,2011;10;10,2011-10-10,,,,,,,,,,,,,3.368,,All
USA,,,2011,43,2011;10;17,2011-10-17,,,,,,,,,,,,,3.431,,All
USA,,,2011,44,2011;10;24,2011-10-24,,,,,,,,,,,,,3.415,,All
USA,,,2011,45,2011;10;31,2011-10-31,,,,,,,,,,,,,3.405,,All
USA,,,2011,46,2011;11;07,2011-11-07,,,,,,,,,,,,,3.37,,All
USA,,,2011,47,2011;11;14,2011-11-14,,,,,,,,,,,,,3.388,,All
USA,,,2011,48,2011;11;21,2011-11-21,,,,,,,,,,,,,3.312,,All
USA,,,2011,49,2011;11;28,2011-11-28,,,,,,,,,,,,,3.248,,All
USA,,,2011,50,2011;12;05,2011-12-05,,,,,,,,,,,,,3.24,,All
USA,,,2011,51,2011;12;12,2011-12-12,,,,,,,,,,,,,3.244,,All
USA,,,2011,52,2011;12;19,2011-12-19,,,,,,,,,,,,,3.183,,All
USA,,,2011,1,2011;12;26,2011-12-26,,,,,,,,,,,,,3.213,,All
USA,,,2012,2,2012;01;02,2012-01-02,,,,,,,,,,,,,3.254,,All
USA,,,2012,3,2012;01;09,2012-01-09,,,,,,,,,,,,,3.333,,All
USA,,,2012,4,2012;01;16,2012-01-16,,,,,,,,,,,,,3.342,,All
USA,,,2012,5,2012;01;23,2012-01-23,,,,,,,,,,,,,3.333,,All
USA,,,2012,6,2012;01;30,2012-01-30,,,,,,,,,,,,,3.386,,All
USA,,,2012,7,2012;02;06,2012-02-06,,,,,,,,,,,,,3.436,,All
USA,,,2012,8,2012;02;13,2012-02-13,,,,,,,,,,,,,3.466,,All
USA,,,2012,9,2012;02;20,2012-02-20,,,,,,,,,,,,,3.523,,All
USA,,,2012,10,2012;02;27,2012-02-27,,,,,,,,,,,,,3.641,,All
USA,,,2012,11,2012;03;05,2012-03-05,,,,,,,,,,,,,3.717,,All
USA,,,2012,12,2012;03;12,2012-03-12,,,,,,,,,,,,,3.747,,All
USA,,,2012,13,2012;03;19,2012-03-19,,,,,,,,,,,,,3.787,,All
USA,,,2012,14,2012;03;26,2012-03-26,,,,,,,,,,,,,3.843,,All
USA,,,2012,15,2012;04;02,2012-04-02,,,,,,,,,,,,,3.874,,All
USA,,,2012,16,2012;04;09,2012-04-09,,,,,,,,,,,,,3.877,,All
USA,,,2012,17,2012;04;16,2012-04-16,,,,,,,,,,,,,3.867,,All
USA,,,2012,18,2012;04;23,2012-04-23,,,,,,,,,,,,,3.805,,All
USA,,,2012,19,2012;04;30,2012-04-30,,,,,,,,,,,,,3.764,,All
USA,,,2012,20,2012;05;07,2012-05-07,,,,,,,,,,,,,3.718,,All
USA,,,2012,21,2012;05;14,2012-05-14,,,,,,,,,,,,,3.658,,All
USA,,,2012,22,2012;05;21,2012-05-21,,,,,,,,,,,,,3.622,,All
USA,,,2012,23,2012;05;28,2012-05-28,,,,,,,,,,,,,3.575,,All
USA,,,2012,24,2012;06;04,2012-06-04,,,,,,,,,,,,,3.518,,All
USA,,,2012,25,2012;06;11,2012-06-11,,,,,,,,,,,,,3.489,,All
USA,,,2012,26,2012;06;18,2012-06-18,,,,,,,,,,,,,3.473,,All
USA,,,2012,27,2012;06;25,2012-06-25,,,,,,,,,,,,,3.378,,All
USA,,,2012,28,2012;07;02,2012-07-02,,,,,,,,,,,,,3.291,,All
USA,,,2012,29,2012;07;09,2012-07-09,,,,,,,,,,,,,3.357,,All
USA,,,2012,30,2012;07;16,2012-07-16,,,,,,,,,,,,,3.364,,All
USA,,,2012,31,2012;07;23,2012-07-23,,,,,,,,,,,,,3.435,,All
USA,,,2012,32,2012;07;30,2012-07-30,,,,,,,,,,,,,3.45,,All
USA,,,2012,33,2012;08;06,2012-08-06,,,,,,,,,,,,,3.606,,All
USA,,,2012,34,2012;08;13,2012-08-13,,,,,,,,,,,,,3.662,,All
USA,,,2012,35,2012;08;20,2012-08-20,,,,,,,,,,,,,3.682,,All
USA,,,2012,36,2012;08;27,2012-08-27,,,,,,,,,,,,,3.722,,All
USA,,,2012,37,2012;09;03,2012-09-03,,,,,,,,,,,,,3.797,,All
USA,,,2012,38,2012;09;10,2012-09-10,,,,,,,,,,,,,3.799,,All
USA,,,2012,39,2012;09;17,2012-09-17,,,,,,,,,,,,,3.832,,All
USA,,,2012,40,2012;09;24,2012-09-24,,,,,,,,,,,,,3.775,,All
USA,,,2012,41,2012;10;01,2012-10-01,,,,,,,,,,,,,3.75,,All
USA,,,2012,42,2012;10;08,2012-10-08,,,,,,,,,,,,,3.742,,All
USA,,,2012,43,2012;10;15,2012-10-15,,,,,,,,,,,,,3.713,,All
USA,,,2012,44,2012;10;22,2012-10-22,,,,,,,,,,,,,3.582,,All
USA,,,2012,45,2012;10;29,2012-10-29,,,,,,,,,,,,,3.48,,All
USA,,,2012,46,2012;11;05,2012-11-05,,,,,,,,,,,,,3.406,,All
USA,,,2012,47,2012;11;12,2012-11-12,,,,,,,,,,,,,3.372,,All
USA,,,2012,48,2012;11;19,2012-11-19,,,,,,,,,,,,,3.36,,All
USA,,,2012,49,2012;11;26,2012-11-26,,,,,,,,,,,,,3.382,,All
USA,,,2012,50,2012;12;03,2012-12-03,,,,,,,,,,,,,3.337,,All
USA,,,2012,51,2012;12;10,2012-12-10,,,,,,,,,,,,,3.297,,All
USA,,,2012,52,2012;12;17,2012-12-17,,,,,,,,,,,,,3.198,,All
USA,,,2012,53,2012;12;24,2012-12-24,,,,,,,,,,,,,3.205,,All
USA,,,2012,1,2012;12;31,2012-12-31,,,,,,,,,,,,,3.245,,All
USA,,,2013,2,2013;01;07,2013-01-07,,,,,,,,,,,,,3.233,,All
USA,,,2013,3,2013;01;14,2013-01-14,,,,,,,,,,,,,3.236,,All
USA,,,2013,4,2013;01;21,2013-01-21,,,,,,,,,,,,,3.254,,All
USA,,,2013,5,2013;01;28,2013-01-28,,,,,,,,,,,,,3.296,,All
USA,,,2013,6,2013;02;04,2013-02-04,,,,,,,,,,,,,3.471,,All
USA,,,2013,7,2013;02;11,2013-02-11,,,,,,,,,,,,,3.537,,All
USA,,,2013,8,2013;02;18,2013-02-18,,,,,,,,,,,,,3.69,,All
USA,,,2013,9,2013;02;25,2013-02-25,,,,,,,,,,,,,3.722,,All
USA,,,2013,10,2013;03;04,2013-03-04,,,,,,,,,,,,,3.698,,All
USA,,,2013,11,2013;03;11,2013-03-11,,,,,,,,,,,,,3.644,,All
USA,,,2013,12,2013;03;18,2013-03-18,,,,,,,,,,,,,3.633,,All
USA,,,2013,13,2013;03;25,2013-03-25,,,,,,,,,,,,,3.616,,All
USA,,,2013,14,2013;04;01,2013-04-01,,,,,,,,,,,,,3.572,,All
USA,,,2013,15,2013;04;08,2013-04-08,,,,,,,,,,,,,3.539,,All
USA,,,2013,16,2013;04;15,2013-04-15,,,,,,,,,,,,,3.469,,All
USA,,,2013,17,2013;04;22,2013-04-22,,,,,,,,,,,,,3.472,,All
USA,,,2013,18,2013;04;29,2013-04-29,,,,,,,,,,,,,3.455,,All
USA,,,2013,19,2013;05;06,2013-05-06,,,,,,,,,,,,,3.478,,All
USA,,,2013,20,2013;05;13,2013-05-13,,,,,,,,,,,,,3.543,,All
USA,,,2013,21,2013;05;20,2013-05-20,,,,,,,,,,,,,3.636,,All
USA,,,2013,22,2013;05;27,2013-05-27,,,,,,,,,,,,,3.601,,All
USA,,,2013,23,2013;06;03,2013-06-03,,,,,,,,,,,,,3.61,,All
USA,,,2013,24,2013;06;10,2013-06-10,,,,,,,,,,,,,3.619,,All
USA,,,2013,25,2013;06;17,2013-06-17,,,,,,,,,,,,,3.577,,All
USA,,,2013,26,2013;06;24,2013-06-24,,,,,,,,,,,,,3.498,,All
USA,,,2013,27,2013;07;01,2013-07-01,,,,,,,,,,,,,3.41,,All
USA,,,2013,28,2013;07;08,2013-07-08,,,,,,,,,,,,,3.413,,All
USA,,,2013,29,2013;07;15,2013-07-15,,,,,,,,,,,,,3.57,,All
USA,,,2013,30,2013;07;22,2013-07-22,,,,,,,,,,,,,3.612,,All
USA,,,2013,31,2013;07;29,2013-07-29,,,,,,,,,,,,,3.57,,All
USA,,,2013,32,2013;08;05,2013-08-05,,,,,,,,,,,,,3.566,,All
USA,,,2013,33,2013;08;12,2013-08-12,,,,,,,,,,,,,3.493,,All
USA,,,2013,34,2013;08;19,2013-08-19,,,,,,,,,,,,,3.496,,All
USA,,,2013,35,2013;08;26,2013-08-26,,,,,,,,,,,,,3.504,,All
USA,,,2013,36,2013;09;02,2013-09-02,,,,,,,,,,,,,3.575,,All
USA,,,2013,37,2013;09;09,2013-09-09,,,,,,,,,,,,,3.54,,All
USA,,,2013,38,2013;09;16,2013-09-16,,,,,,,,,,,,,3.475,,All
USA,,,2013,39,2013;09;23,2013-09-23,,,,,,,,,,,,,3.425,,All
USA,,,2013,40,2013;09;30,2013-09-30,,,,,,,,,,,,,3.354,,All
USA,,,2013,41,2013;10;07,2013-10-07,,,,,,,,,,,,,3.298,,All
USA,,,2013,42,2013;10;14,2013-10-14,,,,,,,,,,,,,3.296,,All
USA,,,2013,43,2013;10;21,2013-10-21,,,,,,,,,,,,,3.31,,All
USA,,,2013,44,2013;10;28,2013-10-28,,,,,,,,,,,,,3.235,,All
USA,,,2013,45,2013;11;04,2013-11-04,,,,,,,,,,,,,3.209,,All
USA,,,2013,46,2013;11;11,2013-11-11,,,,,,,,,,,,,3.133,,All
USA,,,2013,47,2013;11;18,2013-11-18,,,,,,,,,,,,,3.161,,All
USA,,,2013,48,2013;11;25,2013-11-25,,,,,,,,,,,,,3.241,,All
USA,,,2013,49,2013;12;02,2013-12-02,,,,,,,,,,,,,3.209,,All
USA,,,2013,50,2013;12;09,2013-12-09,,,,,,,,,,,,,3.208,,All
USA,,,2013,51,2013;12;16,2013-12-16,,,,,,,,,,,,,3.165,,All
USA,,,2013,52,2013;12;23,2013-12-23,,,,,,,,,,,,,3.198,,All
USA,,,2013,1,2013;12;30,2013-12-30,,,,,,,,,,,,,3.264,,All
USA,,,2014,2,2014;01;06,2014-01-06,,,,,,,,,,,,,3.261,,All
USA,,,2014,3,2014;01;13,2014-01-13,,,,,,,,,,,,,3.267,,All
USA,,,2014,4,2014;01;20,2014-01-20,,,,,,,,,,,,,3.24,,All
USA,,,2014,5,2014;01;27,2014-01-27,,,,,,,,,,,,,3.241,,All
USA,,,2014,6,2014;02;03,2014-02-03,,,,,,,,,,,,,3.243,,All
USA,,,2014,7,2014;02;10,2014-02-10,,,,,,,,,,,,,3.257,,All
USA,,,2014,8,2014;02;17,2014-02-17,,,,,,,,,,,,,3.326,,All
USA,,,2014,9,2014;02;24,2014-02-24,,,,,,,,,,,,,3.394,,All
USA,,,2014,10,2014;03;03,2014-03-03,,,,,,,,,,,,,3.421,,All
USA,,,2014,11,2014;03;10,2014-03-10,,,,,,,,,,,,,3.452,,All
USA,,,2014,12,2014;03;17,2014-03-17,,,,,,,,,,,,,3.489,,All
USA,,,2014,13,2014;03;24,2014-03-24,,,,,,,,,,,,,3.487,,All
USA,,,2014,14,2014;03;31,2014-03-31,,,,,,,,,,,,,3.521,,All
USA,,,2014,15,2014;04;07,2014-04-07,,,,,,,,,,,,,3.533,,All
USA,,,2014,16,2014;04;14,2014-04-14,,,,,,,,,,,,,3.581,,All
USA,,,2014,17,2014;04;21,2014-04-21,,,,,,,,,,,,,3.612,,All
USA,,,2014,18,2014;04;28,2014-04-28,,,,,,,,,,,,,3.635,,All
USA,,,2014,19,2014;05;05,2014-05-05,,,,,,,,,,,,,3.606,,All
USA,,,2014,20,2014;05;12,2014-05-12,,,,,,,,,,,,,3.597,,All
USA,,,2014,21,2014;05;19,2014-05-19,,,,,,,,,,,,,3.593,,All
USA,,,2014,22,2014;05;26,2014-05-26,,,,,,,,,,,,,3.607,,All
USA,,,2014,23,2014;06;02,2014-06-02,,,,,,,,,,,,,3.624,,All
USA,,,2014,24,2014;06;09,2014-06-09,,,,,,,,,,,,,3.61,,All
USA,,,2014,25,2014;06;16,2014-06-16,,,,,,,,,,,,,3.621,,All
USA,,,2014,26,2014;06;23,2014-06-23,,,,,,,,,,,,,3.639,,All
USA,,,2014,27,2014;06;30,2014-06-30,,,,,,,,,,,,,3.635,,All
USA,,,2014,28,2014;07;07,2014-07-07,,,,,,,,,,,,,3.605,,All
USA,,,2014,29,2014;07;14,2014-07-14,,,,,,,,,,,,,3.56,,All
USA,,,2014,30,2014;07;21,2014-07-21,,,,,,,,,,,,,3.523,,All
USA,,,2014,31,2014;07;28,2014-07-28,,,,,,,,,,,,,3.468,,All
USA,,,2014,32,2014;08;04,2014-08-04,,,,,,,,,,,,,3.449,,All
USA,,,2014,33,2014;08;11,2014-08-11,,,,,,,,,,,,,3.447,,All
USA,,,2014,34,2014;08;18,2014-08-18,,,,,,,,,,,,,3.408,,All
USA,,,2014,35,2014;08;25,2014-08-25,,,,,,,,,,,,,3.397,,All
USA,,,2014,36,2014;09;01,2014-09-01,,,,,,,,,,,,,3.41,,All
USA,,,2014,37,2014;09;08,2014-09-08,,,,,,,,,,,,,3.406,,All
USA,,,2014,38,2014;09;15,2014-09-15,,,,,,,,,,,,,3.352,,All
USA,,,2014,39,2014;09;22,2014-09-22,,,,,,,,,,,,,3.296,,All
USA,,,2014,40,2014;09;29,2014-09-29,,,,,,,,,,,,,3.304,,All
USA,,,2014,41,2014;10;06,2014-10-06,,,,,,,,,,,,,3.246,,All
USA,,,2014,42,2014;10;13,2014-10-13,,,,,,,,,,,,,3.147,,All
USA,,,2014,43,2014;10;20,2014-10-20,,,,,,,,,,,,,3.07,,All
USA,,,2014,44,2014;10;27,2014-10-27,,,,,,,,,,,,,3.016,,All
USA,,,2014,45,2014;11;03,2014-11-03,,,,,,,,,,,,,2.956,,All
USA,,,2014,46,2014;11;10,2014-11-10,,,,,,,,,,,,,2.907,,All
USA,,,2014,47,2014;11;17,2014-11-17,,,,,,,,,,,,,2.856,,All
USA,,,2014,48,2014;11;24,2014-11-24,,,,,,,,,,,,,2.781,,All
USA,,,2014,49,2014;12;01,2014-12-01,,,,,,,,,,,,,2.738,,All
USA,,,2014,50,2014;12;08,2014-12-08,,,,,,,,,,,,,2.634,,All
USA,,,2014,51,2014;12;15,2014-12-15,,,,,,,,,,,,,2.499,,All
USA,,,2014,52,2014;12;22,2014-12-22,,,,,,,,,,,,,2.341,,All
USA,,,2014,1,2014;12;29,2014-12-29,,,,,,,,,,,,,2.229,,All
USA,,,2015,2,2015;01;05,2015-01-05,,,,,,,,,,,,,2.136,,All
USA,,,2015,3,2015;01;12,2015-01-12,,,,,,,,,,,,,2.066,,All
USA,,,2015,4,2015;01;19,2015-01-19,,,,,,,,,,,,,1.999,,All
USA,,,2015,5,2015;01;26,2015-01-26,,,,,,,,,,,,,1.982,,All
USA,,,2015,6,2015;02;02,2015-02-02,,,,,,,,,,,,,2.013,,All
USA,,,2015,7,2015;02;09,2015-02-09,,,,,,,,,,,,,2.133,,All
USA,,,2015,8,2015;02;16,2015-02-16,,,,,,,,,,,,,2.206,,All
USA,,,2015,9,2015;02;23,2015-02-23,,,,,,,,,,,,,2.256,,All
USA,,,2015,10,2015;03;02,2015-03-02,,,,,,,,,,,,,2.36,,All
USA,,,2015,11,2015;03;09,2015-03-09,,,,,,,,,,,,,2.367,,All
USA,,,2015,12,2015;03;16,2015-03-16,,,,,,,,,,,,,2.339,,All
USA,,,2015,13,2015;03;23,2015-03-23,,,,,,,,,,,,,2.347,,All
USA,,,2015,14,2015;03;30,2015-03-30,,,,,,,,,,,,,2.348,,All
USA,,,2015,15,2015;04;06,2015-04-06,,,,,,,,,,,,,2.315,,All
USA,,,2015,16,2015;04;13,2015-04-13,,,,,,,,,,,,,2.317,,All
USA,,,2015,17,2015;04;20,2015-04-20,,,,,,,,,,,,,2.393,,All
USA,,,2015,18,2015;04;27,2015-04-27,,,,,,,,,,,,,2.451,,All
USA,,,2015,19,2015;05;04,2015-05-04,,,,,,,,,,,,,2.517,,All
USA,,,2015,20,2015;05;11,2015-05-11,,,,,,,,,,,,,2.547,,All
USA,,,2015,21,2015;05;18,2015-05-18,,,,,,,,,,,,,2.604,,All
USA,,,2015,22,2015;05;25,2015-05-25,,,,,,,,,,,,,2.642,,All
USA,,,2015,23,2015;06;01,2015-06-01,,,,,,,,,,,,,2.656,,All
USA,,,2015,24,2015;06;08,2015-06-08,,,,,,,,,,,,,2.668,,All
USA,,,2015,25,2015;06;15,2015-06-15,,,,,,,,,,,,,2.744,,All
USA,,,2015,26,2015;06;22,2015-06-22,,,,,,,,,,,,,2.72,,All
USA,,,2015,27,2015;06;29,2015-06-29,,,,,,,,,,,,,2.713,,All
USA,,,2015,28,2015;07;06,2015-07-06,,,,,,,,,,,,,2.702,,All
USA,,,2015,29,2015;07;13,2015-07-13,,,,,,,,,,,,,2.694,,All
USA,,,2015,30,2015;07;20,2015-07-20,,,,,,,,,,,,,2.661,,All
USA,,,2015,31,2015;07;27,2015-07-27,,,,,,,,,,,,,2.605,,All
USA,,,2015,32,2015;08;03,2015-08-03,,,,,,,,,,,,,2.555,,All
USA,,,2015,33,2015;08;10,2015-08-10,,,,,,,,,,,,,2.505,,All
USA,,,2015,34,2015;08;17,2015-08-17,,,,,,,,,,,,,2.608,,All
USA,,,2015,35,2015;08;24,2015-08-24,,,,,,,,,,,,,2.534,,All
USA,,,2015,36,2015;08;31,2015-08-31,,,,,,,,,,,,,2.406,,All
USA,,,2015,37,2015;09;07,2015-09-07,,,,,,,,,,,,,2.337,,All
USA,,,2015,38,2015;09;14,2015-09-14,,,,,,,,,,,,,2.28,,All
USA,,,2015,39,2015;09;21,2015-09-21,,,,,,,,,,,,,2.237,,All
USA,,,2015,40,2015;09;28,2015-09-28,,,,,,,,,,,,,2.246,,All
USA,,,2015,41,2015;10;05,2015-10-05,,,,,,,,,,,,,2.252,,All
USA,,,2015,42,2015;10;12,2015-10-12,,,,,,,,,,,,,2.283,,All
USA,,,2015,43,2015;10;19,2015-10-19,,,,,,,,,,,,,2.22,,All
USA,,,2015,44,2015;10;26,2015-10-26,,,,,,,,,,,,,2.166,,All
USA,,,2015,45,2015;11;02,2015-11-02,,,,,,,,,,,,,2.17,,All
USA,,,2015,46,2015;11;09,2015-11-09,,,,,,,,,,,,,2.172,,All
USA,,,2015,47,2015;11;16,2015-11-16,,,,,,,,,,,,,2.11,,All
USA,,,2015,48,2015;11;23,2015-11-23,,,,,,,,,,,,,2.015,,All
USA,,,2015,49,2015;11;30,2015-11-30,,,,,,,,,,,,,1.974,,All
USA,,,2015,50,2015;12;07,2015-12-07,,,,,,,,,,,,,1.969,,All
USA,,,2015,51,2015;12;14,2015-12-14,,,,,,,,,,,,,1.953,,All
USA,,,2015,52,2015;12;21,2015-12-21,,,,,,,,,,,,,1.929,,All
USA,,,2015,1,2015;12;28,2015-12-28,,,,,,,,,,,,,1.933,,All
USA,,,2016,2,2016;01;04,2016-01-04,,,,,,,,,,,,,1.922,,All
USA,,,2016,3,2016;01;11,2016-01-11,,,,,,,,,,,,,1.888,,All
USA,,,2016,4,2016;01;18,2016-01-18,,,,,,,,,,,,,1.81,,All
USA,,,2016,5,2016;01;25,2016-01-25,,,,,,,,,,,,,1.752,,All
USA,,,2016,6,2016;02;01,2016-02-01,,,,,,,,,,,,,1.729,,All
USA,,,2016,7,2016;02;08,2016-02-08,,,,,,,,,,,,,1.663,,All
USA,,,2016,8,2016;02;15,2016-02-15,,,,,,,,,,,,,1.638,,All
USA,,,2016,9,2016;02;22,2016-02-22,,,,,,,,,,,,,1.661,,All
USA,,,2016,10,2016;02;29,2016-02-29,,,,,,,,,,,,,1.715,,All
USA,,,2016,11,2016;03;07,2016-03-07,,,,,,,,,,,,,1.782,,All
USA,,,2016,12,2016;03;14,2016-03-14,,,,,,,,,,,,,1.888,,All
USA,,,2016,13,2016;03;21,2016-03-21,,,,,,,,,,,,,1.935,,All
USA,,,2016,14,2016;03;28,2016-03-28,,,,,,,,,,,,,1.976,,All
USA,,,2016,15,2016;04;04,2016-04-04,,,,,,,,,,,,,1.994,,All
USA,,,2016,16,2016;04;11,2016-04-11,,,,,,,,,,,,,1.981,,All
USA,,,2016,17,2016;04;18,2016-04-18,,,,,,,,,,,,,2.053,,All
USA,,,2016,18,2016;04;25,2016-04-25,,,,,,,,,,,,,2.08,,All
USA,,,2016,19,2016;05;02,2016-05-02,,,,,,,,,,,,,2.168,,All
USA,,,2016,20,2016;05;09,2016-05-09,,,,,,,,,,,,,2.143,,All
USA,,,2016,21,2016;05;16,2016-05-16,,,,,,,,,,,,,2.17,,All
USA,,,2016,22,2016;05;23,2016-05-23,,,,,,,,,,,,,2.235,,All
USA,,,2016,23,2016;05;30,2016-05-30,,,,,,,,,,,,,2.281,,All
USA,,,2016,24,2016;06;06,2016-06-06,,,,,,,,,,,,,2.328,,All
USA,,,2016,25,2016;06;13,2016-06-13,,,,,,,,,,,,,2.343,,All
USA,,,2016,26,2016;06;20,2016-06-20,,,,,,,,,,,,,2.29,,All
USA,,,2016,27,2016;06;27,2016-06-27,,,,,,,,,,,,,2.25,,All
USA,,,2016,28,2016;07;04,2016-07-04,,,,,,,,,,,,,2.205,,All
USA,,,2016,29,2016;07;11,2016-07-11,,,,,,,,,,,,,2.171,,All
USA,,,2016,30,2016;07;18,2016-07-18,,,,,,,,,,,,,2.148,,All
USA,,,2016,31,2016;07;25,2016-07-25,,,,,,,,,,,,,2.105,,All
USA,,,2016,32,2016;08;01,2016-08-01,,,,,,,,,,,,,2.091,,All
USA,,,2016,33,2016;08;08,2016-08-08,,,,,,,,,,,,,2.087,,All
USA,,,2016,34,2016;08;15,2016-08-15,,,,,,,,,,,,,2.096,,All
USA,,,2016,35,2016;08;22,2016-08-22,,,,,,,,,,,,,2.136,,All
USA,,,2016,36,2016;08;29,2016-08-29,,,,,,,,,,,,,2.187,,All
USA,,,2016,37,2016;09;05,2016-09-05,,,,,,,,,,,,,2.17,,All
USA,,,2016,38,2016;09;12,2016-09-12,,,,,,,,,,,,,2.138,,All
USA,,,2016,39,2016;09;19,2016-09-19,,,,,,,,,,,,,2.17,,All
USA,,,2016,40,2016;09;26,2016-09-26,,,,,,,,,,,,,2.166,,All
USA,,,2016,41,2016;10;03,2016-10-03,,,,,,,,,,,,,2.184,,All
USA,,,2016,42,2016;10;10,2016-10-10,,,,,,,,,,,,,2.216,,All
USA,,,2016,43,2016;10;17,2016-10-17,,,,,,,,,,,,,2.198,,All
USA,,,2016,44,2016;10;24,2016-10-24,,,,,,,,,,,,,2.175,,All
USA,,,2016,45,2016;10;31,2016-10-31,,,,,,,,,,,,,2.159,,All
USA,,,2016,46,2016;11;07,2016-11-07,,,,,,,,,,,,,2.157,,All
USA,,,2016,47,2016;11;14,2016-11-14,,,,,,,,,,,,,2.105,,All
USA,,,2016,48,2016;11;21,2016-11-21,,,,,,,,,,,,,2.078,,All
USA,,,2016,49,2016;11;28,2016-11-28,,,,,,,,,,,,,2.079,,All
USA,,,2016,50,2016;12;05,2016-12-05,,,,,,,,,,,,,2.137,,All
USA,,,2016,51,2016;12;12,2016-12-12,,,,,,,,,,,,,2.174,,All
USA,,,2016,52,2016;12;19,2016-12-19,,,,,,,,,,,,,2.203,,All
USA,,,2016,1,2016;12;26,2016-12-26,,,,,,,,,,,,,2.254,,All
USA,,,2017,2,2017;01;02,2017-01-02,,,,,,,,,,,,,2.319,,All
USA,,,2017,3,2017;01;09,2017-01-09,,,,,,,,,,,,,2.328,,All
USA,,,2017,4,2017;01;16,2017-01-16,,,,,,,,,,,,,2.298,,All
USA,,,2017,5,2017;01;23,2017-01-23,,,,,,,,,,,,,2.258,,All
USA,,,2017,6,2017;01;30,2017-01-30,,,,,,,,,,,,,2.224,,All
USA,,,2017,7,2017;02;06,2017-02-06,,,,,,,,,,,,,2.221,,All
USA,,,2017,8,2017;02;13,2017-02-13,,,,,,,,,,,,,2.228,,All
USA,,,2017,9,2017;02;20,2017-02-20,,,,,,,,,,,,,2.224,,All
USA,,,2017,10,2017;02;27,2017-02-27,,,,,,,,,,,,,2.233,,All
USA,,,2017,11,2017;03;06,2017-03-06,,,,,,,,,,,,,2.264,,All
USA,,,2017,12,2017;03;13,2017-03-13,,,,,,,,,,,,,2.242,,All
USA,,,2017,13,2017;03;20,2017-03-20,,,,,,,,,,,,,2.238,,All
USA,,,2017,14,2017;03;27,2017-03-27,,,,,,,,,,,,,2.228,,All
USA,,,2017,15,2017;04;03,2017-04-03,,,,,,,,,,,,,2.281,,All
USA,,,2017,16,2017;04;10,2017-04-10,,,,,,,,,,,,,2.351,,All
USA,,,2017,17,2017;04;17,2017-04-17,,,,,,,,,,,,,2.356,,All
USA,,,2017,18,2017;04;24,2017-04-24,,,,,,,,,,,,,2.372,,All
USA,,,2017,19,2017;05;01,2017-05-01,,,,,,,,,,,,,2.331,,All
USA,,,2017,20,2017;05;08,2017-05-08,,,,,,,,,,,,,2.288,,All
USA,,,2017,21,2017;05;15,2017-05-15,,,,,,,,,,,,,2.283,,All
USA,,,2017,22,2017;05;22,2017-05-22,,,,,,,,,,,,,2.306,,All
USA,,,2017,23,2017;05;29,2017-05-29,,,,,,,,,,,,,2.308,,All
USA,,,2017,24,2017;06;05,2017-06-05,,,,,,,,,,,,,2.325,,All
USA,,,2017,25,2017;06;12,2017-06-12,,,,,,,,,,,,,2.276,,All
USA,,,2017,26,2017;06;19,2017-06-19,,,,,,,,,,,,,2.224,,All
USA,,,2017,27,2017;06;26,2017-06-26,,,,,,,,,,,,,2.201,,All
USA,,,2017,28,2017;07;03,2017-07-03,,,,,,,,,,,,,2.163,,All
USA,,,2017,29,2017;07;10,2017-07-10,,,,,,,,,,,,,2.21,,All
USA,,,2017,30,2017;07;17,2017-07-17,,,,,,,,,,,,,2.188,,All
USA,,,2017,31,2017;07;24,2017-07-24,,,,,,,,,,,,,2.224,,All
USA,,,2017,32,2017;07;31,2017-07-31,,,,,,,,,,,,,2.269,,All
USA,,,2017,33,2017;08;07,2017-08-07,,,,,,,,,,,,,2.29,,All
USA,,,2017,34,2017;08;14,2017-08-14,,,,,,,,,,,,,2.301,,All
USA,,,2017,35,2017;08;21,2017-08-21,,,,,,,,,,,,,2.273,,All
USA,,,2017,36,2017;08;28,2017-08-28,,,,,,,,,,,,,2.322,,All
USA,,,2017,37,2017;09;04,2017-09-04,,,,,,,,,,,,,2.604,,All
USA,,,2017,38,2017;09;11,2017-09-11,,,,,,,,,,,,,2.61,,All
USA,,,2017,39,2017;09;18,2017-09-18,,,,,,,,,,,,,2.559,,All
USA,,,2017,40,2017;09;25,2017-09-25,,,,,,,,,,,,,2.508,,All
USA,,,2017,41,2017;10;02,2017-10-02,,,,,,,,,,,,,2.493,,All
USA,,,2017,42,2017;10;09,2017-10-09,,,,,,,,,,,,,2.426,,All
USA,,,2017,43,2017;10;16,2017-10-16,,,,,,,,,,,,,2.413,,All
USA,,,2017,44,2017;10;23,2017-10-23,,,,,,,,,,,,,2.406,,All
USA,,,2017,45,2017;10;30,2017-10-30,,,,,,,,,,,,,2.41,,All
USA,,,2017,46,2017;11;06,2017-11-06,,,,,,,,,,,,,2.468,,All
USA,,,2017,47,2017;11;13,2017-11-13,,,,,,,,,,,,,2.504,,All
USA,,,2017,48,2017;11;20,2017-11-20,,,,,,,,,,,,,2.48,,All
USA,,,2017,49,2017;11;27,2017-11-27,,,,,,,,,,,,,2.444,,All
USA,,,2017,50,2017;12;04,2017-12-04,,,,,,,,,,,,,2.41,,All
USA,,,2017,51,2017;12;11,2017-12-11,,,,,,,,,,,,,2.401,,All
USA,,,2017,52,2017;12;18,2017-12-18,,,,,,,,,,,,,2.358,,All
USA,,,2017,53,2017;12;25,2017-12-25,,,,,,,,,,,,,2.384,,All
USA,,,2018,1,2018;01;01,2018-01-01,,,,,,,,,,,,,2.436,,All
USA,,,2018,2,2018;01;08,2018-01-08,,,,,,,,,,,,,2.429,,All
USA,,,2018,3,2018;01;15,2018-01-15,,,,,,,,,,,,,2.473,,All
USA,,,2018,4,2018;01;22,2018-01-22,,,,,,,,,,,,,2.482,,All
USA,,,2018,5,2018;01;29,2018-01-29,,,,,,,,,,,,,2.516,,All
USA,,,2018,6,2018;02;05,2018-02-05,,,,,,,,,,,,,2.544,,All
USA,,,2018,7,2018;02;12,2018-02-12,,,,,,,,,,,,,2.511,,All
USA,,,2018,8,2018;02;19,2018-02-19,,,,,,,,,,,,,2.455,,All
USA,,,2018,9,2018;02;26,2018-02-26,,,,,,,,,,,,,2.442,,All
USA,,,2018,10,2018;03;05,2018-03-05,,,,,,,,,,,,,2.462,,All
USA,,,2018,11,2018;03;12,2018-03-12,,,,,,,,,,,,,2.455,,All
USA,,,2018,12,2018;03;19,2018-03-19,,,,,,,,,,,,,2.494,,All
USA,,,2018,13,2018;03;26,2018-03-26,,,,,,,,,,,,,2.541,,All
USA,,,2018,14,2018;04;02,2018-04-02,,,,,,,,,,,,,2.592,,All
USA,,,2018,15,2018;04;09,2018-04-09,,,,,,,,,,,,,2.587,,All
USA,,,2018,16,2018;04;16,2018-04-16,,,,,,,,,,,,,2.644,,All
USA,,,2018,17,2018;04;23,2018-04-23,,,,,,,,,,,,,2.696,,All
USA,,,2018,18,2018;04;30,2018-04-30,,,,,,,,,,,,,2.741,,All
USA,,,2018,19,2018;05;07,2018-05-07,,,,,,,,,,,,,2.733,,All
USA,,,2018,20,2018;05;14,2018-05-14,,,,,,,,,,,,,2.786,,All
USA,,,2018,21,2018;05;21,2018-05-21,,,,,,,,,,,,,2.834,,All
USA,,,2018,22,2018;05;28,2018-05-28,,,,,,,,,,,,,2.877,,All
USA,,,2018,23,2018;06;04,2018-06-04,,,,,,,,,,,,,2.849,,All
USA,,,2018,24,2018;06;11,2018-06-11,,,,,,,,,,,,,2.822,,All
USA,,,2018,25,2018;06;18,2018-06-18,,,,,,,,,,,,,2.79,,All
USA,,,2018,26,2018;06;25,2018-06-25,,,,,,,,,,,,,2.745,,All
USA,,,2018,27,2018;07;02,2018-07-02,,,,,,,,,,,,,2.762,,All
USA,,,2018,28,2018;07;09,2018-07-09,,,,,,,,,,,,,2.774,,All
USA,,,2018,29,2018;07;16,2018-07-16,,,,,,,,,,,,,2.79,,All
USA,,,2018,30,2018;07;23,2018-07-23,,,,,,,,,,,,,2.754,,All
USA,,,2018,31,2018;07;30,2018-07-30,,,,,,,,,,,,,2.772,,All
USA,,,2018,32,2018;08;06,2018-08-06,,,,,,,,,,,,,2.781,,All
USA,,,2018,33,2018;08;13,2018-08-13,,,,,,,,,,,,,2.774,,All
USA,,,2018,34,2018;08;20,2018-08-20,,,,,,,,,,,,,2.755,,All
USA,,,2018,35,2018;08;27,2018-08-27,,,,,,,,,,,,,2.761,,All
USA,,,2018,36,2018;09;03,2018-09-03,,,,,,,,,,,,,2.759,,All
USA,,,2018,37,2018;09;10,2018-09-10,,,,,,,,,,,,,2.765,,All
USA,,,2018,38,2018;09;17,2018-09-17,,,,,,,,,,,,,2.771,,All
USA,,,2018,39,2018;09;24,2018-09-24,,,,,,,,,,,,,2.779,,All
USA,,,2018,40,2018;10;01,2018-10-01,,,,,,,,,,,,,2.796,,All
USA,,,2018,41,2018;10;08,2018-10-08,,,,,,,,,,,,,2.829,,All
USA,,,2018,42,2018;10;15,2018-10-15,,,,,,,,,,,,,2.806,,All
USA,,,2018,43,2018;10;22,2018-10-22,,,,,,,,,,,,,2.763,,All
USA,,,2018,44,2018;10;29,2018-10-29,,,,,,,,,,,,,2.732,,All
USA,,,2018,45,2018;11;05,2018-11-05,,,,,,,,,,,,,2.67,,All
USA,,,2018,46,2018;11;12,2018-11-12,,,,,,,,,,,,,2.604,,All
USA,,,2018,47,2018;11;19,2018-11-19,,,,,,,,,,,,,2.525,,All
USA,,,2018,48,2018;11;26,2018-11-26,,,,,,,,,,,,,2.445,,All
USA,,,2018,49,2018;12;03,2018-12-03,,,,,,,,,,,,,2.35,,All
USA,,,2018,50,2018;12;10,2018-12-10,,,,,,,,,,,,,2.325,,All
USA,,,2018,51,2018;12;17,2018-12-17,,,,,,,,,,,,,2.268,,All
USA,,,2018,52,2018;12;24,2018-12-24,,,,,,,,,,,,,2.216,,All
USA,,,2018,1,2018;12;31,2018-12-31,,,,,,,,,,,,,2.156,,All
USA,,,2019,2,2019;01;07,2019-01-07,,,,,,,,,,,,,2.128,,All
USA,,,2019,3,2019;01;14,2019-01-14,,,,,,,,,,,,,2.143,,All
USA,,,2019,4,2019;01;21,2019-01-21,,,,,,,,,,,,,2.147,,All
USA,,,2019,5,2019;01;28,2019-01-28,,,,,,,,,,,,,2.162,,All
USA,,,2019,6,2019;02;04,2019-02-04,,,,,,,,,,,,,2.162,,All
USA,,,2019,7,2019;02;11,2019-02-11,,,,,,,,,,,,,2.187,,All
USA,,,2019,8,2019;02;18,2019-02-18,,,,,,,,,,,,,2.23,,All
USA,,,2019,9,2019;02;25,2019-02-25,,,,,,,,,,,,,2.311,,All
USA,,,2019,10,2019;03;04,2019-03-04,,,,,,,,,,,,,2.352,,All
USA,,,2019,11,2019;03;11,2019-03-11,,,,,,,,,,,,,2.399,,All
USA,,,2019,12,2019;03;18,2019-03-18,,,,,,,,,,,,,2.477,,All
USA,,,2019,13,2019;03;25,2019-03-25,,,,,,,,,,,,,2.544,,All
USA,,,2019,14,2019;04;01,2019-04-01,,,,,,,,,,,,,2.611,,All
USA,,,2019,15,2019;04;08,2019-04-08,,,,,,,,,,,,,2.65,,All
USA,,,2019,16,2019;04;15,2019-04-15,,,,,,,,,,,,,2.725,,All
USA,,,2019,17,2019;04;22,2019-04-22,,,,,,,,,,,,,2.723,,All
USA,,,2019,18,2019;04;29,2019-04-29,,,,,,,,,,,,,2.761,,All
USA,,,2019,19,2019;05;06,2019-05-06,,,,,,,,,,,,,2.771,,All
USA,,,2019,20,2019;05;13,2019-05-13,,,,,,,,,,,,,2.735,,All
USA,,,2019,21,2019;05;20,2019-05-20,,,,,,,,,,,,,2.723,,All
USA,,,2019,22,2019;05;27,2019-05-27,,,,,,,,,,,,,2.696,,All
USA,,,2019,23,2019;06;03,2019-06-03,,,,,,,,,,,,,2.691,,All
USA,,,2019,24,2019;06;10,2019-06-10,,,,,,,,,,,,,2.62,,All
USA,,,2019,25,2019;06;17,2019-06-17,,,,,,,,,,,,,2.553,,All
USA,,,2019,26,2019;06;24,2019-06-24,,,,,,,,,,,,,2.541,,All
USA,,,2019,27,2019;07;01,2019-07-01,,,,,,,,,,,,,2.608,,All
USA,,,2019,28,2019;07;08,2019-07-08,,,,,,,,,,,,,2.644,,All
USA,,,2019,29,2019;07;15,2019-07-15,,,,,,,,,,,,,2.682,,All
USA,,,2019,30,2019;07;22,2019-07-22,,,,,,,,,,,,,2.653,,All
USA,,,2019,31,2019;07;29,2019-07-29,,,,,,,,,,,,,2.615,,All
